Date_parsed,rides,revenue,Weekday_num,Month,lag_1,lag_7,lag_14,roll_7,roll_14,roll_28,roll_std_7,roll_std_14,sin_7,cos_7,rev_lag_1,rev_lag_7,rev_lag_14,rev_roll_7,rev_roll_14,rev_roll_28
2024-01-15,407,227523.0,0,1,421.0,387.0,410.0,413.14285714285717,407.7142857142857,407.8666666666667,16.58743069745455,18.369827148085783,-4.898587196589413e-16,1.0,236410.0,158495.0,180053.0,197068.7142857143,193149.57142857142,192276.46666666667
2024-01-16,433,178056.0,1,1,407.0,428.0,384.0,413.85714285714283,411.2142857142857,409.4375,17.420568029665134,18.170892071698585,0.7818314824680284,0.6234898018587354,227523.0,184834.0,164896.0,196100.42857142858,194089.57142857142,191387.6875
2024-01-17,410,166874.0,2,1,433.0,404.0,382.0,414.7142857142857,413.2142857142857,409.47058823529414,16.997198648740987,16.13490516969854,0.9749279121818237,-0.22252093395631387,178056.0,171069.0,163563.0,195501.14285714287,194326.07142857142,189945.70588235295
2024-01-18,416,176745.0,3,1,410.0,433.0,409.0,412.2857142857143,413.7142857142857,409.8333333333333,15.052289811567846,16.102692423837176,0.43388373911755707,-0.9009688679024196,166874.0,177178.0,169350.0,195439.2857142857,194854.2857142857,189212.33333333334
2024-01-19,426,179763.0,4,1,416.0,384.0,415.0,418.2857142857143,414.5,410.6842105263158,9.086882225022466,16.435187392159072,-0.43388373911755757,-0.9009688679024194,176745.0,158334.0,186627.0,198500.57142857142,194364.0,188715.0
2024-01-20,433,240110.0,5,1,426.0,415.0,403.0,420.85714285714283,416.64285714285717,411.8,10.447145885018449,16.77272118125666,-0.9749279121818235,-0.22252093395631506,179763.0,224133.0,229424.0,200783.0,195127.2857142857,191284.75
2024-01-21,447,242827.0,6,1,433.0,421.0,436.0,424.57142857142856,417.42857142857144,413.4761904761905,14.385839598451732,17.964556068138027,-0.7818314824680302,0.6234898018587329,240110.0,236410.0,252258.0,201699.7142857143,194453.64285714287,193739.14285714287
2024-01-22,377,159731.0,0,1,447.0,407.0,387.0,420.2857142857143,416.7142857142857,411.8181818181818,22.610574854215805,19.408279642495845,-7.347880794884119e-16,1.0,242827.0,227523.0,158495.0,192015.14285714287,194541.92857142858,192193.31818181818
2024-01-23,410,181996.0,1,1,377.0,433.0,428.0,417.0,415.42857142857144,411.7391304347826,22.120880030716094,19.19821420266553,0.7818314824680271,0.6234898018587369,159731.0,178056.0,184834.0,192578.0,194339.2142857143,191749.95652173914
2024-01-24,434,183001.0,2,1,410.0,410.0,404.0,420.42857142857144,417.57142857142856,412.6666666666667,22.707246588238053,19.496407107718337,0.9749279121818238,-0.22252093395631362,181996.0,166874.0,171069.0,194881.85714285713,195191.5,191385.41666666666
2024-01-25,400,174373.0,3,1,434.0,416.0,433.0,418.14285714285717,415.2142857142857,412.16,23.99603141791419,19.482451952101254,0.4338837391175589,-0.9009688679024188,183001.0,176745.0,177178.0,194543.0,194991.14285714287,190704.92
2024-01-26,446,253005.0,4,1,400.0,426.0,384.0,421.0,419.64285714285717,413.46153846153845,26.178871888095834,18.87858837151494,-0.43388373911755734,-0.9009688679024195,174373.0,179763.0,158334.0,205006.14285714287,201753.35714285713,193101.07692307694
2024-01-27,388,213894.0,5,1,446.0,433.0,415.0,414.57142857142856,417.7142857142857,412.51851851851853,28.188988055959875,20.682317127397543,-0.9749279121818242,-0.22252093395631184,253005.0,240110.0,224133.0,201261.0,201022.0,193871.1851851852
2024-01-28,409,232389.0,6,1,388.0,447.0,421.0,409.14285714285717,416.85714285714283,412.39285714285717,24.29285609274582,20.78408097506411,-0.7818314824680304,0.6234898018587328,213894.0,242827.0,236410.0,199769.85714285713,200734.7857142857,195246.82142857142
2024-01-29,397,171706.0,0,1,409.0,377.0,407.0,412.0,416.14285714285717,411.92857142857144,20.80865204668483,21.313979316066582,-9.797174393178826e-16,1.0,232389.0,159731.0,227523.0,201480.57142857142,196747.85714285713,194948.7142857143
2024-01-30,386,166632.0,1,1,397.0,410.0,433.0,408.57142857142856,412.7857142857143,412.0,23.04963588184669,22.14003881390721,0.7818314824680291,0.6234898018587344,171706.0,181996.0,178056.0,199285.7142857143,195931.85714285713,195010.7142857143
2024-01-31,416,175511.0,2,1,386.0,434.0,410.0,406.0,413.2142857142857,413.2142857142857,20.615528128088297,22.140038813907214,0.9749279121818246,-0.22252093395630992,166632.0,183001.0,166874.0,198215.7142857143,196548.7857142857,195437.42857142858
2024-02-01,419,176599.0,3,2,416.0,400.0,416.0,408.7142857142857,413.42857142857144,413.57142857142856,20.942097043310362,22.18354998889694,0.4338837391175591,-0.9009688679024187,175511.0,174373.0,176745.0,198533.7142857143,196538.35714285713,195696.32142857142
2024-02-02,406,181628.0,4,2,419.0,446.0,426.0,403.0,412.0,413.25,13.038404810405273,21.954498400100128,-0.4338837391175571,-0.9009688679024196,176599.0,253005.0,179763.0,188337.0,196671.57142857142,195517.7857142857
2024-02-03,406,226778.0,5,2,406.0,388.0,433.0,405.57142857142856,410.07142857142856,413.35714285714283,11.237691679598349,21.13860589870245,-0.9749279121818234,-0.22252093395631553,181628.0,213894.0,240110.0,190177.57142857142,195719.2857142857,195423.2857142857
2024-02-04,442,251678.0,6,2,406.0,409.0,447.0,410.2857142857143,409.7142857142857,413.57142857142856,17.87656087091221,20.49926291893879,-0.7818314824680284,0.6234898018587354,226778.0,232389.0,242827.0,192933.14285714287,196351.5,195402.57142857142
2024-02-05,431,181851.0,0,2,442.0,397.0,377.0,415.14285714285717,413.57142857142856,415.14285714285717,18.279574862202328,18.887172226812403,-1.2246467991473533e-15,1.0,251678.0,171706.0,159731.0,194382.42857142858,197931.5,196236.7142857143
2024-02-06,449,191031.0,1,2,431.0,386.0,410.0,424.14285714285717,416.35714285714283,415.89285714285717,17.004201161561845,21.069873289594316,0.781831482468029,0.6234898018587345,181851.0,166632.0,181996.0,197868.0,198576.85714285713,196458.0357142857
2024-02-07,383,166622.0,2,2,449.0,416.0,434.0,419.42857142857144,412.7142857142857,415.14285714285717,23.114621223063928,22.165213811211075,0.974927912181824,-0.22252093395631314,191031.0,175511.0,183001.0,196598.14285714287,197406.92857142858,196299.2142857143
2024-02-08,421,183037.0,3,2,383.0,419.0,400.0,419.7142857142857,414.2142857142857,414.7142857142857,23.12080077703693,21.948115641662255,0.43388373911755934,-0.9009688679024186,166622.0,176599.0,174373.0,197517.85714285713,198025.7857142857,196508.4642857143
2024-02-09,396,169937.0,4,2,421.0,406.0,446.0,418.2857142857143,410.64285714285717,415.14285714285717,24.383835395020018,20.390824266951853,-0.4338837391175569,-0.9009688679024197,183037.0,181628.0,253005.0,195847.7142857143,192092.35714285713,196922.85714285713
2024-02-10,409,217296.0,5,2,396.0,406.0,388.0,418.7142857142857,412.14285714285717,414.92857142857144,24.157223113831424,19.34248867472505,-0.9749279121818233,-0.22252093395631578,169937.0,226778.0,213894.0,194493.14285714287,192335.35714285713,196678.67857142858
2024-02-11,391,227770.0,6,2,409.0,442.0,409.0,411.42857142857144,410.85714285714283,413.85714285714283,23.64922227655098,20.148896296770708,-0.7818314824680307,0.6234898018587325,217296.0,251678.0,232389.0,191077.7142857143,192005.42857142858,196370.10714285713
2024-02-12,374,159597.0,0,2,391.0,431.0,397.0,403.2857142857143,409.2142857142857,412.67857142857144,25.525897213838103,22.199024827606763,-1.4695761589768238e-15,1.0,227770.0,181851.0,171706.0,187898.57142857142,191140.5,193944.17857142858
2024-02-13,374,161046.0,1,2,374.0,449.0,386.0,392.57142857142856,408.35714285714283,410.57142857142856,17.67160757502587,23.36534956810102,0.7818314824680289,0.6234898018587347,159597.0,191031.0,166632.0,183615.0,190741.5,193336.67857142858
2024-02-14,393,231635.0,2,2,374.0,383.0,416.0,394.0,406.7142857142857,409.9642857142857,17.165857586111578,23.594094996022125,0.9749279121818255,-0.22252093395630598,161046.0,166622.0,175511.0,192902.57142857142,194750.35714285713,195649.57142857142
2024-02-15,400,172944.0,3,2,393.0,421.0,419.0,391.0,405.35714285714283,409.39285714285717,12.987173159185337,23.378514603262165,0.43388373911755956,-0.9009688679024185,231635.0,183037.0,176599.0,191460.7142857143,194489.2857142857,195513.82142857142
2024-02-16,445,202269.0,4,2,400.0,396.0,406.0,398.0,408.14285714285717,410.07142857142856,24.358434541926776,25.672065461410444,-0.4338837391175567,-0.9009688679024198,172944.0,169937.0,181628.0,196079.57142857142,195963.64285714287,196317.60714285713
2024-02-17,377,211106.0,5,2,445.0,409.0,406.0,393.42857142857144,406.07142857142856,408.07142857142856,24.94565521860895,26.99419962115585,-0.9749279121818233,-0.222520933956316,202269.0,217296.0,226778.0,195195.2857142857,194844.2142857143,195281.75
2024-02-18,434,250578.0,6,2,377.0,391.0,442.0,399.57142857142856,405.5,407.60714285714283,29.182512702285358,26.249542120548675,-0.7818314824680308,0.6234898018587323,211106.0,227770.0,251678.0,198453.57142857142,194765.64285714287,195558.57142857142
2024-02-19,430,182305.0,0,2,434.0,374.0,431.0,407.57142857142856,405.42857142857144,409.5,28.675524655805585,26.176073295794588,-1.7145055188062944e-15,1.0,250578.0,159597.0,181851.0,201697.57142857142,194798.07142857142,196364.7857142857
2024-02-20,430,178705.0,1,2,430.0,374.0,449.0,415.57142857142856,404.07142857142856,410.2142857142857,25.36964815717886,24.15801916776057,0.7818314824680287,0.6234898018587349,182305.0,161046.0,191031.0,204220.2857142857,193917.64285714287,196247.25
2024-02-21,390,161995.0,2,2,430.0,393.0,383.0,415.14285714285717,404.57142857142856,408.64285714285717,25.83556057987114,23.75747424322669,0.974927912181824,-0.22252093395631267,178705.0,231635.0,166622.0,194271.7142857143,193587.14285714287,195497.0357142857
2024-02-22,419,175619.0,3,2,390.0,400.0,421.0,417.85714285714283,404.42857142857144,409.32142857142856,24.962829509950566,23.656888038124304,0.43388373911755335,-0.9009688679024214,161995.0,172944.0,183037.0,194653.85714285713,193057.2857142857,195541.5357142857
2024-02-23,410,165905.0,4,2,419.0,445.0,396.0,412.85714285714283,405.42857142857144,408.0357142857143,21.942565722271205,23.568930936605987,-0.43388373911755646,-0.9009688679024199,175619.0,202269.0,169937.0,189459.0,192769.2857142857,192430.82142857142
2024-02-24,407,227467.0,5,2,410.0,377.0,409.0,417.14285714285717,405.2857142857143,408.7142857142857,15.858000834789737,23.551673373272564,-0.9749279121818232,-0.22252093395631625,165905.0,211106.0,217296.0,191796.2857142857,193495.7857142857,192915.57142857142
2024-02-25,390,221810.0,6,2,407.0,434.0,391.0,410.85714285714283,405.2142857142857,408.0357142857143,16.757372222682296,23.599799775645273,-0.781831482468031,0.623489801858732,227467.0,250578.0,227770.0,187686.57142857142,193070.07142857142,192537.75
2024-02-26,434,189380.0,0,2,390.0,430.0,374.0,411.42857142857144,409.5,409.35714285714283,17.56755667755332,22.93385136564585,-1.959434878635765e-15,1.0,221810.0,182305.0,159597.0,188697.2857142857,195197.42857142858,193168.9642857143
2024-02-27,403,182477.0,1,2,434.0,430.0,374.0,407.57142857142856,411.57142857142856,409.9642857142857,15.672238117736956,20.679660336870846,0.7818314824680286,0.6234898018587351,189380.0,178705.0,161046.0,189236.14285714287,196728.2142857143,193734.85714285713
2024-02-28,375,157036.0,2,2,403.0,390.0,393.0,405.42857142857144,410.2857142857143,408.5,19.121167527613117,22.410260601335672,0.9749279121818241,-0.22252093395631242,182477.0,161995.0,231635.0,188527.7142857143,191399.7142857143,193075.0357142857
2024-02-29,384,162016.0,3,2,375.0,419.0,400.0,400.42857142857144,409.14285714285717,407.25,19.552128126772065,23.36288029811764,0.43388373911755995,-0.9009688679024183,157036.0,175619.0,172944.0,186584.42857142858,190619.14285714287,192554.2142857143
2024-03-01,386,162510.0,4,3,384.0,410.0,445.0,397.0,404.92857142857144,406.5357142857143,19.6977156035921,21.65628097099092,-0.43388373911754985,-0.9009688679024231,162016.0,165905.0,202269.0,186099.42857142858,187779.2142857143,191871.42857142858
2024-03-02,410,241462.0,5,3,386.0,407.0,377.0,397.42857142857144,407.2857142857143,406.67857142857144,19.98213487807822,20.124338771472935,-0.9749279121818232,-0.22252093395631647,162510.0,227467.0,211106.0,188098.7142857143,189947.5,192395.85714285713
2024-03-03,413,238939.0,6,3,410.0,390.0,434.0,400.7142857142857,405.7857142857143,405.64285714285717,20.442719043824837,18.713132252012663,-0.7818314824680311,0.6234898018587318,241462.0,221810.0,250578.0,190545.7142857143,189116.14285714287,191940.89285714287
2024-03-04,416,181477.0,0,3,413.0,434.0,430.0,398.14285714285717,404.7857142857143,405.10714285714283,16.262723956219226,17.66429937833568,-2.204364238465236e-15,1.0,238939.0,189380.0,182305.0,189416.7142857143,189057.0,191927.5357142857
2024-03-05,408,176113.0,1,3,416.0,403.0,430.0,398.85714285714283,403.2142857142857,403.64285714285717,16.617546664380203,16.16348482717262,0.7818314824680284,0.6234898018587353,181477.0,182477.0,178705.0,188507.57142857142,188871.85714285713,191394.75
2024-03-06,402,166376.0,2,3,408.0,375.0,390.0,402.7142857142857,404.07142857142856,404.32142857142856,12.867456181057172,15.720952631706181,0.9749279121818241,-0.2225209339563122,176113.0,157036.0,161995.0,189841.85714285713,189184.7857142857,191385.9642857143
2024-03-07,378,168365.0,3,3,402.0,384.0,419.0,401.85714285714283,401.14285714285717,402.7857142857143,14.42715693207968,16.524374271207442,0.43388373911756023,-0.9009688679024181,166376.0,162016.0,175619.0,190748.85714285713,188666.64285714287,190861.9642857143
2024-03-08,403,230737.0,4,3,378.0,386.0,410.0,404.2857142857143,400.64285714285717,403.0357142857143,12.632158508007528,16.340639017996843,-0.433883739117556,-0.9009688679024201,168365.0,162510.0,165905.0,200495.57142857142,193297.5,193033.39285714287
2024-03-09,394,228429.0,5,3,403.0,410.0,407.0,402.0,399.7142857142857,402.5,12.87115638420513,16.320956662329067,-0.9749279121818246,-0.22252093395630979,230737.0,241462.0,227467.0,198633.7142857143,193366.2142857143,193431.0
2024-03-10,409,237809.0,6,3,394.0,413.0,390.0,401.42857142857144,401.07142857142856,403.14285714285717,12.380860805522046,16.240804667987778,-0.7818314824680314,0.6234898018587316,228429.0,238939.0,221810.0,198472.2857142857,194509.0,193789.5357142857
2024-03-11,405,169159.0,0,3,409.0,416.0,434.0,399.85714285714283,399.0,404.25,10.82325538564319,13.301243435223412,-2.4492935982947065e-15,1.0,237809.0,181477.0,189380.0,196712.57142857142,193064.64285714287,194131.0357142857
2024-03-12,444,182729.0,1,3,405.0,408.0,403.0,405.0,401.92857142857144,406.75,19.99999999999998,17.950634382251575,0.7818314824680282,0.6234898018587355,169159.0,176113.0,182477.0,197657.7142857143,193082.64285714287,194905.42857142858
2024-03-13,429,180129.0,2,3,444.0,402.0,375.0,408.85714285714283,405.7857142857143,408.0357142857143,21.84359991262562,17.51561312933983,0.9749279121818242,-0.22252093395631195,182729.0,166376.0,157036.0,199622.42857142858,194732.14285714287,193065.92857142858
2024-03-14,426,188642.0,3,3,429.0,378.0,384.0,415.7142857142857,408.7857142857143,408.9642857142857,17.679689719320095,17.08881132576142,0.43388373911756684,-0.9009688679024149,180129.0,168365.0,162016.0,202519.14285714287,196634.0,193626.57142857142
2024-03-15,415,176561.0,4,3,426.0,403.0,386.0,417.42857142857144,410.85714285714283,407.89285714285717,16.80136048913061,15.825282317846977,-0.4338837391175558,-0.9009688679024203,188642.0,230737.0,162510.0,194779.7142857143,197637.64285714287,192708.42857142858
2024-03-16,438,251665.0,5,3,415.0,394.0,410.0,423.7142857142857,412.85714285714283,410.07142857142856,14.670995032311314,17.39963369577799,-0.9749279121818214,-0.22252093395632389,176561.0,228429.0,241462.0,198099.14285714287,198366.42857142858,194156.9642857143
2024-03-17,421,244153.0,6,3,438.0,409.0,413.0,425.42857142857144,413.42857142857144,409.60714285714283,13.302344941866071,17.535521249580967,-0.7818314824680315,0.6234898018587315,251665.0,237809.0,238939.0,199005.42857142858,198738.85714285713,193927.5
2024-03-18,442,190909.0,0,3,421.0,405.0,416.0,430.7142857142857,415.2857142857143,410.0357142857143,10.98050220032946,19.132849606525806,4.411204399476825e-15,1.0,244153.0,169159.0,181477.0,202112.57142857142,199412.57142857142,194234.7857142857
2024-03-19,370,167347.0,1,3,442.0,444.0,408.0,420.14285714285717,412.57142857142856,407.89285714285717,23.98213620891316,22.623045723381228,0.7818314824680281,0.6234898018587357,190909.0,182729.0,176113.0,199915.14285714287,198786.42857142858,193829.14285714287
2024-03-20,380,164580.0,2,3,370.0,429.0,402.0,413.14285714285717,411.0,407.5357142857143,27.81143992094249,24.127864517065028,0.9749279121818226,-0.22252093395631864,167347.0,180129.0,166376.0,197693.85714285713,198658.14285714287,193921.4642857143
2024-03-21,390,158738.0,3,3,380.0,426.0,378.0,408.0,411.85714285714283,406.5,28.360771028541066,23.05464125759677,0.4338837391175606,-0.9009688679024179,164580.0,188642.0,168365.0,193421.85714285713,197970.5,193318.57142857142
2024-03-22,399,169260.0,4,3,390.0,415.0,403.0,405.7142857142857,411.57142857142856,406.10714285714283,28.34733547569204,23.19719573806045,-0.4338837391175492,-0.9009688679024235,158738.0,176561.0,230737.0,192378.85714285713,193579.2857142857,193438.39285714287
2024-03-23,423,232163.0,5,3,399.0,438.0,394.0,403.57142857142856,413.64285714285717,406.67857142857144,25.96701204000402,22.798809492728218,-0.974927912181823,-0.2225209339563172,169260.0,251665.0,228429.0,189592.85714285713,193846.0,193606.10714285713
2024-03-24,409,231733.0,6,3,423.0,421.0,409.0,401.85714285714283,413.64285714285717,407.35714285714283,25.002856979610463,22.798809492728218,-0.7818314824680273,0.6234898018587368,232163.0,244153.0,237809.0,187818.57142857142,193412.0,193960.5
2024-03-25,379,160108.0,0,3,409.0,442.0,405.0,392.85714285714283,411.7857142857143,405.39285714285717,18.685364784848378,24.548785247805174,-2.9391523179536475e-15,1.0,231733.0,190909.0,169159.0,183418.42857142858,192765.5,192915.07142857142
2024-03-26,406,173491.0,1,3,379.0,370.0,444.0,398.0,409.07142857142856,405.5,16.124515496597002,22.747660186402545,0.7818314824680324,0.6234898018587303,160108.0,167347.0,182729.0,184296.14285714287,192105.64285714287,192594.14285714287
2024-03-27,398,168619.0,2,3,406.0,380.0,429.0,400.57142857142856,406.85714285714283,406.32142857142856,14.08139603468748,22.159759589285812,0.9749279121818243,-0.22252093395631148,173491.0,164580.0,180129.0,184873.14285714287,191283.5,193007.82142857142
2024-03-28,399,176790.0,3,3,398.0,390.0,426.0,401.85714285714283,404.92857142857144,406.85714285714283,13.347016788138676,21.531602125942456,0.4338837391175673,-0.9009688679024147,168619.0,158738.0,188642.0,187452.0,190436.92857142858,193535.4642857143
2024-03-29,387,227047.0,4,3,399.0,399.0,415.0,400.14285714285717,402.92857142857144,406.89285714285717,14.4963049479119,21.822586343632015,-0.4338837391175425,-0.9009688679024266,176790.0,169260.0,176561.0,195707.2857142857,194043.07142857142,195840.35714285713
2024-03-30,431,242020.0,5,3,387.0,423.0,438.0,401.2857142857143,402.42857142857144,407.64285714285717,16.740313474905236,21.02275062773765,-0.9749279121818245,-0.2225209339563105,227047.0,232163.0,251665.0,197115.42857142858,193354.14285714287,195860.2857142857
2024-03-31,407,223373.0,6,3,431.0,409.0,421.0,401.0,401.42857142857144,407.42857142857144,16.60321254054965,20.395000464722813,-0.7818314824680318,0.623489801858731,242020.0,231733.0,244153.0,195921.14285714287,191869.85714285713,195304.35714285713
2024-04-01,442,187299.0,0,4,407.0,379.0,442.0,410.0,401.42857142857144,408.35714285714283,19.510680835549252,20.395000464722813,-1.028950903538412e-14,1.0,223373.0,160108.0,190909.0,199805.57142857142,191612.0,195512.2857142857
2024-04-02,416,179557.0,1,4,442.0,406.0,370.0,411.42857142857144,404.7142857142857,408.64285714285717,19.535072245043022,18.565595026320015,0.7818314824680278,0.623489801858736,187299.0,173491.0,167347.0,200672.14285714287,192484.14285714287,195635.2857142857
2024-04-03,387,160214.0,2,4,416.0,398.0,380.0,409.85714285714283,405.2142857142857,408.10714285714283,21.16938490232674,17.932259591750668,0.974927912181826,-0.22252093395630432,179557.0,168619.0,164580.0,199471.42857142858,192172.2857142857,195415.2142857143
2024-04-04,393,170401.0,3,4,387.0,399.0,390.0,409.0,405.42857142857144,408.64285714285717,21.794494717703415,17.75350143455687,0.43388373911756106,-0.9009688679024177,160214.0,176790.0,158738.0,198558.7142857143,193005.35714285713,195487.92857142858
2024-04-05,405,167703.0,4,4,393.0,387.0,399.0,411.57142857142856,405.85714285714283,408.7142857142857,19.730324738475975,17.65854398936038,-0.4338837391175615,-0.9009688679024175,170401.0,227047.0,169260.0,190081.0,192894.14285714287,193236.7142857143
2024-04-06,408,240648.0,5,4,405.0,431.0,423.0,408.2857142857143,404.7857142857143,409.2142857142857,17.77370985204731,16.980434765787493,-0.9749279121818228,-0.22252093395631767,167703.0,242020.0,232163.0,189885.0,193500.2142857143,193673.10714285713
2024-04-07,436,258525.0,6,4,408.0,407.0,409.0,412.42857142857144,406.7142857142857,410.17857142857144,20.582007861699264,18.918564636676,-0.7818314824680364,0.6234898018587253,240648.0,223373.0,231733.0,194906.7142857143,195413.92857142858,194412.9642857143
2024-04-08,397,164252.0,0,4,436.0,442.0,379.0,406.0,408.0,409.89285714285717,16.411378166788264,17.444417224650756,-3.429011037612589e-15,1.0,258525.0,187299.0,160108.0,191614.2857142857,195709.92857142858,194237.7142857143
2024-04-09,430,184224.0,1,4,397.0,416.0,406.0,408.0,409.7142857142857,409.39285714285717,18.547236990991458,18.386569393607225,0.7818314824680321,0.6234898018587307,164252.0,179557.0,173491.0,192281.0,196476.57142857142,194291.10714285713
2024-04-10,425,185323.0,2,4,430.0,387.0,398.0,413.42857142857144,411.64285714285717,409.25,16.860774427223603,18.479123950502142,0.9749279121818244,-0.222520933956311,184224.0,160214.0,168619.0,195868.0,197669.7142857143,194476.60714285713
2024-04-11,397,171155.0,3,4,425.0,393.0,399.0,414.0,411.5,408.2142857142857,16.10382977224165,18.591768236341753,0.4338837391175549,-0.9009688679024207,185323.0,170401.0,176790.0,195975.7142857143,197267.2142857143,193852.07142857142
2024-04-12,407,235558.0,4,4,397.0,405.0,387.0,414.2857142857143,412.92857142857144,407.92857142857144,15.93438928559125,17.287008397656876,-0.4338837391175549,-0.9009688679024207,171155.0,167703.0,227047.0,205669.2857142857,197875.14285714287,195959.10714285713
2024-04-13,381,213850.0,5,4,407.0,408.0,431.0,410.42857142857144,409.35714285714283,405.89285714285717,20.36219653227642,18.395681528584326,-0.9749279121818212,-0.22252093395632486,235558.0,240648.0,242020.0,201841.0,195863.0,194608.57142857142
2024-04-14,402,237407.0,6,4,381.0,436.0,407.0,405.57142857142856,409.0,405.2142857142857,17.027988165146883,18.49324200890692,-0.7818314824680233,0.6234898018587418,213850.0,258525.0,223373.0,198824.14285714287,196865.42857142858,194367.64285714287
2024-04-15,419,177123.0,0,4,402.0,397.0,442.0,408.7142857142857,407.35714285714283,404.39285714285717,17.211568645480785,16.217782940848693,3.4314869601589423e-15,1.0,237407.0,164252.0,187299.0,200662.85714285713,196138.57142857142,193875.2857142857
2024-04-16,421,175950.0,1,4,419.0,430.0,416.0,407.42857142857144,407.7142857142857,406.2142857142857,15.61897502886738,16.475756415125495,0.7818314824680275,0.6234898018587365,177123.0,184224.0,179557.0,199480.85714285713,195880.92857142858,194182.5357142857
2024-04-17,401,172345.0,2,4,421.0,425.0,387.0,404.0,408.7142857142857,406.9642857142857,13.62595562397982,15.518864804977339,0.9749279121818261,-0.22252093395630382,175950.0,185323.0,160214.0,197626.85714285713,196747.42857142858,194459.85714285713
2024-04-18,387,162803.0,3,4,401.0,397.0,393.0,402.57142857142856,408.2857142857143,406.85714285714283,14.942747882692602,16.05964158728604,0.4338837391175615,-0.9009688679024175,172345.0,171155.0,170401.0,196433.7142857143,196204.7142857143,194605.0357142857
2024-04-19,369,150623.0,4,4,387.0,407.0,405.0,397.14285714285717,405.7142857142857,405.7857142857143,19.32553208778968,19.201075977176846,-0.4338837391175483,-0.9009688679024239,162803.0,235558.0,167703.0,184300.14285714287,194984.7142857143,193939.42857142858
2024-04-20,381,215349.0,5,4,369.0,381.0,408.0,397.14285714285717,403.7857142857143,404.2857142857143,19.32553208778968,20.279502995838943,-0.9749279121818227,-0.22252093395631817,150623.0,213850.0,240648.0,184514.2857142857,193177.64285714287,193338.92857142858
2024-04-21,404,228791.0,6,4,381.0,402.0,436.0,397.42857142857144,401.5,404.10714285714283,19.42384396265869,18.050143830664922,-0.7818314824680278,0.623489801858736,215349.0,237407.0,258525.0,183283.42857142858,191053.7857142857,193233.85714285713
2024-04-22,436,186473.0,0,4,404.0,419.0,397.0,399.85714285714283,404.2857142857143,406.14285714285717,23.255311733226083,20.18540436678315,-3.91886975727153e-15,1.0,228791.0,177123.0,164252.0,184619.14285714287,192641.0,194175.4642857143
2024-04-23,366,152428.0,1,4,436.0,421.0,430.0,392.0,399.7142857142857,404.7142857142857,24.193663082165322,21.138475934540875,0.7818314824680229,0.6234898018587421,186473.0,175950.0,184224.0,181258.85714285713,190369.85714285713,193423.2142857143
2024-04-24,398,171213.0,2,4,366.0,401.0,425.0,391.57142857142856,397.7857142857143,404.7142857142857,24.03370648940865,19.846249680320597,0.9749279121818245,-0.2225209339563105,152428.0,172345.0,185323.0,181097.14285714287,189362.0,193515.85714285713
2024-04-25,399,177695.0,3,4,398.0,387.0,397.0,393.2857142857143,397.92857142857144,404.7142857142857,24.081211803079146,19.847357063790167,0.43388373911755534,-0.9009688679024205,171213.0,162803.0,171155.0,183224.57142857142,189829.14285714287,193548.17857142858
2024-04-26,443,186379.0,4,4,399.0,369.0,407.0,403.85714285714283,400.5,406.7142857142857,27.62504040074616,23.167450641595604,-0.43388373911755446,-0.9009688679024209,177695.0,150623.0,235558.0,188332.57142857142,186316.35714285713,192095.75
2024-04-27,411,232420.0,5,4,443.0,381.0,381.0,408.14285714285717,402.64285714285717,406.0,25.75156028559937,22.605673701893583,-0.9749279121818243,-0.22252093395631148,186379.0,215349.0,213850.0,190771.2857142857,187642.7857142857,191752.89285714287
2024-04-28,379,202338.0,6,4,411.0,404.0,402.0,404.57142857142856,401.0,405.0,28.05267154750829,23.47502764805449,-0.7818314824680324,0.6234898018587303,232420.0,228791.0,237407.0,186992.2857142857,185137.85714285713,191001.64285714287
2024-04-29,386,166383.0,0,4,379.0,436.0,419.0,397.42857142857144,398.64285714285717,403.0,24.905535816073336,23.183572243681983,-1.1269226474702003e-14,1.0,202338.0,186473.0,177123.0,184122.2857142857,184370.7142857143,190254.64285714287
2024-04-30,377,217611.0,1,4,386.0,366.0,421.0,399.0,395.5,401.60714285714283,22.854612955229225,22.900285520557965,0.7818314824680184,0.6234898018587479,166383.0,152428.0,175950.0,193434.14285714287,187346.5,191613.7142857143
2024-05-01,409,178809.0,2,5,377.0,398.0,401.0,400.57142857142856,396.07142857142856,402.39285714285717,23.150645367945568,23.14657072362418,0.974927912181823,-0.2225209339563172,217611.0,171213.0,172345.0,194519.2857142857,187808.2142857143,192277.82142857142
2024-05-02,355,150601.0,3,5,409.0,399.0,387.0,394.2857142857143,393.7857142857143,401.0357142857143,28.906252413127262,25.564935635865275,0.43388373911756195,-0.9009688679024173,178809.0,177695.0,162803.0,190648.7142857143,186936.64285714287,191570.67857142858
2024-05-03,430,180793.0,4,5,355.0,443.0,369.0,392.42857142857144,398.14285714285717,401.92857142857144,25.46800046370041,26.205862946051827,-0.43388373911754785,-0.900968867902424,150601.0,186379.0,150623.0,189850.7142857143,189091.64285714287,192038.17857142858
2024-05-04,409,229813.0,5,5,430.0,411.0,381.0,392.14285714285717,400.14285714285717,401.9642857142857,25.23508517539658,25.86312237339293,-0.9749279121818226,-0.22252093395631864,180793.0,232420.0,215349.0,189478.2857142857,190124.7857142857,191651.2142857143
2024-05-05,425,248705.0,6,5,409.0,379.0,404.0,398.7142857142857,401.64285714285717,401.57142857142856,27.158266302756285,26.6994875861436,-0.781831482468037,0.6234898018587246,229813.0,202338.0,228791.0,196102.14285714287,191547.2142857143,191300.5
2024-05-06,425,185180.0,0,5,425.0,386.0,436.0,404.2857142857143,400.85714285714283,402.57142857142856,28.099313667266497,25.7558272505978,-4.408728476930472e-15,1.0,248705.0,166383.0,186473.0,198787.42857142858,191454.85714285713,192047.92857142858
2024-05-07,424,167919.0,1,5,425.0,377.0,366.0,411.0,405.0,402.35714285714283,26.03203155089265,24.34369291244413,0.7818314824680315,0.6234898018587315,185180.0,217611.0,152428.0,191688.57142857142,192561.35714285713,191465.60714285713
2024-05-08,419,176321.0,2,5,424.0,409.0,398.0,412.42857142857144,406.5,402.14285714285717,26.177962378415145,24.525496936861394,0.9749279121818246,-0.22252093395631004,167919.0,178809.0,171213.0,191333.14285714287,192926.2142857143,191144.10714285713
2024-05-09,453,194171.0,3,5,419.0,355.0,399.0,426.42857142857144,410.35714285714283,404.14285714285717,13.464238347776064,27.340044293636733,0.4338837391175686,-0.900968867902414,176321.0,150601.0,177695.0,197557.42857142858,194103.07142857142,191966.10714285713
2024-05-10,402,175013.0,4,5,453.0,430.0,443.0,422.42857142857144,407.42857142857144,403.9642857142857,16.12303882499787,25.722526152155993,-0.433883739117554,-0.9009688679024211,194171.0,180793.0,186379.0,196731.7142857143,193291.2142857143,189803.7857142857
2024-05-11,414,236359.0,5,5,402.0,409.0,411.0,423.14285714285717,407.64285714285717,405.14285714285717,15.528775133373049,25.767024671846723,-0.9749279121818242,-0.22252093395631195,175013.0,229813.0,232420.0,197666.85714285713,193572.57142857142,190607.67857142858
2024-05-12,384,219524.0,6,5,414.0,425.0,379.0,417.2857142857143,408.0,404.5,21.351926421397383,25.371091968859066,-0.7818314824680327,0.6234898018587299,236359.0,248705.0,202338.0,193498.14285714287,194800.14285714287,189969.0
2024-05-13,407,180970.0,0,5,384.0,425.0,386.0,414.7142857142857,409.5,404.07142857142856,21.351926421397355,24.578758809496087,2.45176952084106e-15,1.0,219524.0,185180.0,166383.0,192896.7142857143,195842.07142857142,190106.39285714287
2024-05-14,439,189203.0,1,5,407.0,424.0,377.0,416.85714285714283,413.92857142857144,404.7142857142857,23.11874110924287,23.847155243064297,0.7818314824680269,0.6234898018587373,180970.0,167919.0,217611.0,195937.2857142857,193812.92857142858,190579.7142857143
2024-05-15,432,241233.0,2,5,439.0,419.0,409.0,418.7142857142857,415.57142857142856,405.82142857142856,23.830752441011356,24.270001380983942,0.9749279121818263,-0.22252093395630287,189203.0,176321.0,178809.0,205210.42857142858,198271.7857142857,193040.0
2024-05-16,420,168439.0,3,5,432.0,453.0,355.0,414.0,420.2142857142857,407.0,18.610033136277266,16.88503466399729,0.4338837391175496,-0.9009688679024233,241233.0,194171.0,150601.0,201534.42857142858,199545.92857142858,193241.2857142857
2024-05-17,421,179488.0,4,5,420.0,402.0,430.0,416.7142857142857,419.57142857142856,408.85714285714283,17.941704542901366,16.65354795053156,-0.43388373911756023,-0.9009688679024181,168439.0,175013.0,180793.0,202173.7142857143,199452.7142857143,194272.17857142858
2024-05-18,405,234320.0,5,5,421.0,414.0,409.0,415.42857142857144,419.2857142857143,409.7142857142857,18.48293936631976,16.881617546580234,-0.9749279121818225,-0.2225209339563191,179488.0,236359.0,229813.0,201882.42857142858,199774.64285714287,194949.7142857143
2024-05-19,398,214474.0,6,5,405.0,384.0,425.0,417.42857142857144,417.35714285714283,409.5,14.931590034299328,17.700965392434703,-0.7818314824680372,0.6234898018587242,234320.0,219524.0,248705.0,201161.0,197329.57142857142,194438.39285714287
2024-05-20,395,160440.0,0,5,398.0,407.0,425.0,415.7142857142857,415.2142857142857,408.0357142857143,16.888993316302198,18.502301609128548,-4.898587196589413e-15,1.0,214474.0,180970.0,185180.0,198228.14285714287,195562.42857142858,193508.64285714287
2024-05-21,391,169355.0,1,5,395.0,439.0,424.0,408.85714285714283,412.85714285714283,408.92857142857144,15.550225844325398,19.378247689522404,0.7818314824680223,0.6234898018587429,160440.0,189203.0,167919.0,195392.7142857143,195665.0,194113.17857142858
2024-05-22,387,161977.0,2,5,391.0,432.0,419.0,402.42857142857144,410.57142857142856,408.5357142857143,13.56290459128795,20.45525806284487,0.9749279121818247,-0.22252093395630956,169355.0,241233.0,176321.0,184070.42857142858,194640.42857142858,193783.32142857142
2024-05-23,372,149042.0,3,5,387.0,420.0,453.0,395.57142857142856,404.7857142857143,407.57142857142856,15.229982959687664,18.929742862362513,0.43388373911755623,-0.90096886790242,161977.0,168439.0,194171.0,181299.42857142858,191416.92857142858,192760.0
2024-05-24,397,180450.0,4,5,372.0,421.0,402.0,392.14285714285717,404.42857142857144,405.92857142857144,10.526610271569762,19.033227163666595,-0.43388373911755357,-0.9009688679024214,149042.0,179488.0,175013.0,181436.85714285713,191805.2857142857,192548.25
2024-05-25,421,245206.0,5,5,397.0,405.0,414.0,394.42857142857144,404.92857142857144,406.2857142857143,14.695318334502861,19.392561165855017,-0.9749279121818208,-0.22252093395632627,180450.0,234320.0,236359.0,182992.0,192437.2142857143,193004.89285714287
2024-05-26,405,221033.0,6,5,421.0,398.0,384.0,395.42857142857144,406.42857142857144,407.2142857142857,15.208080558890714,18.437896950467078,-0.7818314824680418,0.6234898018587184,245206.0,214474.0,219524.0,183929.0,192545.0,193672.57142857142
2024-05-27,430,187111.0,0,5,405.0,395.0,407.0,400.42857142857144,408.07142857142856,408.7857142857143,20.032117069488972,19.48752771040326,1.9619108011821185e-15,1.0,221033.0,160440.0,180970.0,187739.14285714287,192983.64285714287,194412.85714285713
2024-05-28,382,168285.0,1,5,430.0,391.0,439.0,399.14285714285717,404.0,408.9642857142857,21.003401085130328,18.455768329045114,0.7818314824680266,0.6234898018587376,187111.0,169355.0,189203.0,187586.2857142857,191489.5,192651.2142857143
2024-05-29,415,174175.0,2,5,382.0,387.0,432.0,403.14285714285717,402.7857142857143,409.17857142857144,20.971636173878323,16.971372146278362,0.9749279121818264,-0.2225209339563024,168285.0,161977.0,241233.0,189328.85714285713,186699.64285714287,192485.7142857143
2024-05-30,404,166513.0,3,5,415.0,372.0,420.0,407.7142857142857,401.64285714285717,410.92857142857144,15.934389285591134,16.24621680390734,0.43388373911757566,-0.9009688679024107,174175.0,149042.0,168439.0,191824.7142857143,186562.07142857142,193054.0
2024-05-31,396,161555.0,4,5,404.0,397.0,421.0,407.57142857142856,399.85714285714283,409.7142857142857,16.05051549387269,15.301368178429977,-0.4338837391175598,-0.9009688679024184,166513.0,180450.0,179488.0,189125.42857142858,185281.14285714287,192366.92857142858
2024-06-01,439,240230.0,5,6,396.0,421.0,405.0,410.14285714285717,402.2857142857143,410.7857142857143,19.608064424521626,18.536569143301467,-0.9749279121818224,-0.22252093395631958,161555.0,245206.0,234320.0,188414.57142857142,185703.2857142857,192738.9642857143
2024-06-02,419,232531.0,6,6,439.0,405.0,398.0,412.14285714285717,403.7857142857143,410.57142857142856,19.709799351494958,19.006794620825513,-0.7818314824680376,0.6234898018587238,240230.0,221033.0,214474.0,190057.14285714287,186993.07142857142,192161.32142857142
2024-06-03,419,172733.0,0,6,419.0,430.0,395.0,410.57142857142856,405.5,410.35714285714283,18.446834803990484,19.23438427560232,8.82240879895365e-15,1.0,232531.0,187111.0,160440.0,188003.14285714287,187871.14285714287,191716.7857142857
2024-06-04,429,182294.0,1,6,419.0,382.0,391.0,417.2857142857143,408.2142857142857,410.5357142857143,14.430457208214044,19.7062214753403,0.7818314824680308,0.6234898018587323,172733.0,168285.0,169355.0,190004.42857142858,188795.35714285713,192230.17857142858
2024-06-05,400,176673.0,2,6,429.0,415.0,387.0,415.14285714285717,409.14285714285717,409.85714285714283,15.868507296199121,18.920307132232814,0.9749279121818248,-0.2225209339563091,182294.0,174175.0,161977.0,190361.2857142857,189845.07142857142,192242.75
2024-06-06,400,162805.0,3,6,400.0,404.0,372.0,414.57142857142856,411.14285714285717,407.9642857142857,16.399767710317786,15.936687923719253,0.4338837391175695,-0.9009688679024137,176673.0,166513.0,149042.0,189831.57142857142,190828.14285714287,191122.5357142857
2024-06-07,390,157006.0,4,6,400.0,396.0,397.0,413.7142857142857,410.64285714285717,407.5357142857143,17.64194136817419,16.513896911655603,-0.43388373911756595,-0.9009688679024154,162805.0,161555.0,180450.0,189181.7142857143,189153.57142857142,190479.42857142858
2024-06-08,427,231753.0,5,6,390.0,439.0,421.0,412.0,411.07142857142856,408.0,15.187714333192694,16.877223093289267,-0.974927912181824,-0.2225209339563129,157006.0,240230.0,245206.0,187970.7142857143,188192.64285714287,190314.92857142858
2024-06-09,390,225345.0,6,6,427.0,419.0,405.0,407.85714285714283,410.0,408.2142857142857,16.826849293401782,17.746072154791733,-0.7818314824680334,0.6234898018587292,231753.0,232531.0,221033.0,186944.14285714287,188500.64285714287,190522.82142857142
2024-06-10,421,177752.0,0,6,390.0,419.0,430.0,408.14285714285717,409.35714285714283,408.7142857142857,17.062908812475563,17.11772425050951,-1.2738802633678827e-14,1.0,225345.0,172733.0,187111.0,187661.14285714287,187832.14285714287,190407.89285714287
2024-06-11,428,183174.0,1,6,421.0,429.0,382.0,408.0,412.64285714285717,408.32142857142856,16.86218649325562,15.828927476457205,0.7818314824680174,0.6234898018587491,177752.0,182294.0,168285.0,187786.85714285713,188895.64285714287,190192.57142857142
2024-06-12,397,168986.0,2,6,428.0,400.0,415.0,407.57142857142856,411.35714285714283,407.07142857142856,17.135315801555755,16.34534581066815,0.9749279121818296,-0.22252093395628805,183174.0,176673.0,174175.0,186688.7142857143,188525.0,187612.32142857142
2024-06-13,388,165346.0,3,6,397.0,400.0,404.0,405.85714285714283,410.2142857142857,405.92857142857144,18.560069786404057,17.423143633280752,0.4338837391175633,-0.9009688679024166,168986.0,162805.0,166513.0,187051.7142857143,188441.64285714287,187501.85714285713
2024-06-14,428,181533.0,4,6,388.0,390.0,396.0,411.2857142857143,412.5,406.17857142857144,18.70574141553234,17.513730876965255,-0.4338837391175465,-0.9009688679024247,165346.0,157006.0,161555.0,190555.57142857142,189868.64285714287,187574.89285714287
2024-06-15,431,245789.0,5,6,428.0,427.0,439.0,411.85714285714283,411.92857142857144,407.10714285714283,19.316905993011854,16.693915454045236,-0.9749279121818255,-0.2225209339563062,181533.0,231753.0,240230.0,192560.7142857143,190265.7142857143,187984.5
2024-06-16,432,250037.0,6,6,431.0,390.0,419.0,417.85714285714283,412.85714285714283,408.32142857142856,17.864569884071077,17.46141743676887,-0.781831482468029,0.6234898018587345,245789.0,225345.0,232531.0,196088.14285714287,191516.14285714287,189254.60714285713
2024-06-17,389,169813.0,0,6,432.0,421.0,419.0,413.2857142857143,410.7142857142857,408.10714285714283,20.7823184920442,18.461721610813065,-5.878304635907295e-15,1.0,250037.0,177752.0,172733.0,194954.0,191307.57142857142,189589.35714285713
2024-06-18,411,169665.0,1,6,389.0,428.0,429.0,410.85714285714283,409.42857142857144,408.82142857142856,19.74359450073677,17.701430996974704,0.7818314824680217,0.6234898018587437,169813.0,183174.0,182294.0,193024.14285714287,190405.5,189600.42857142858
2024-06-19,415,178348.0,2,6,411.0,397.0,400.0,413.42857142857144,410.5,409.82142857142856,18.78702693223122,17.540064029354156,0.9749279121818217,-0.22252093395632247,169665.0,168986.0,176673.0,194361.57142857142,190525.14285714287,190185.10714285713
2024-06-20,399,178126.0,3,6,415.0,388.0,400.0,415.0,410.42857142857144,410.7857142857143,16.643316977093264,17.588082878490674,0.4338837391175571,-0.9009688679024196,178348.0,165346.0,162805.0,196187.2857142857,191619.5,191223.82142857142
2024-06-21,390,157696.0,4,6,399.0,428.0,390.0,409.57142857142856,410.42857142857144,410.5357142857143,17.849903294389218,17.588082878490674,-0.4338837391175527,-0.9009688679024217,178126.0,181533.0,157006.0,192782.0,191668.7857142857,190411.17857142858
2024-06-22,417,231348.0,5,6,390.0,431.0,427.0,407.57142857142856,409.7142857142857,410.39285714285717,15.704109259013908,17.058400012574705,-0.9749279121818207,-0.22252093395632724,157696.0,245789.0,231753.0,190719.0,191639.85714285713,189916.25
2024-06-23,397,228403.0,6,6,417.0,432.0,390.0,402.57142857142856,410.2142857142857,410.10714285714283,11.68841510295749,16.530524545768028,-0.7818314824680425,0.6234898018587177,231348.0,250037.0,225345.0,187628.42857142858,191858.2857142857,190179.4642857143
2024-06-24,414,182931.0,0,6,397.0,389.0,421.0,406.14285714285717,409.7142857142857,409.5357142857143,10.62118278768998,16.283207827171367,-2.7439516068539772e-14,1.0,228403.0,169813.0,177752.0,189502.42857142858,192228.2142857143,190030.17857142858
2024-06-25,394,165337.0,1,6,414.0,411.0,428.0,403.7142857142857,407.2857142857143,409.9642857142857,11.250396818398286,15.876584458438545,0.7818314824680083,0.6234898018587606,182931.0,169665.0,183174.0,188884.14285714287,190954.14285714287,189924.89285714287
2024-06-26,427,180309.0,2,6,394.0,415.0,397.0,405.42857142857144,409.42857142857144,410.39285714285717,13.866712454136785,16.39753398774092,0.9749279121818203,-0.22252093395632916,165337.0,178348.0,168986.0,189164.2857142857,191762.92857142858,190143.9642857143
2024-06-27,413,185388.0,3,6,427.0,399.0,388.0,407.42857142857144,411.2142857142857,410.7142857142857,13.794408805226572,15.202118128879045,0.4338837391175509,-0.9009688679024226,180309.0,178126.0,165346.0,190201.7142857143,193194.5,190818.07142857142
2024-06-28,435,189709.0,4,6,413.0,390.0,428.0,413.85714285714283,411.7142857142857,412.10714285714283,14.76966002123462,15.895952902588629,-0.4338837391175589,-0.9009688679024188,185388.0,157696.0,181533.0,194775.0,193778.5,191823.57142857142
2024-06-29,400,227924.0,5,6,435.0,417.0,431.0,411.42857142857144,409.5,410.7142857142857,15.544100090357317,15.144178876589894,-0.9749279121818222,-0.22252093395632055,189709.0,231348.0,245789.0,194285.85714285713,192502.42857142858,191384.07142857142
2024-06-30,405,236855.0,6,6,400.0,397.0,432.0,412.57142857142856,407.57142857142856,410.2142857142857,14.570027943889231,13.709706195102873,-0.7818314824680381,0.623489801858723,227924.0,228403.0,250037.0,195493.2857142857,191560.85714285713,191538.5
2024-07-01,427,187192.0,0,7,405.0,414.0,389.0,414.42857142857144,410.2857142857143,410.5,15.57623342207758,13.510272851703258,-2.057901807076824e-14,1.0,236855.0,182931.0,169813.0,196102.0,192802.2142857143,192054.89285714287
2024-07-02,404,173555.0,1,7,427.0,394.0,411.0,415.85714285714283,409.7857142857143,409.60714285714283,13.740797786501442,13.610960354002923,0.7818314824680302,0.6234898018587329,187192.0,165337.0,169665.0,197276.0,193080.07142857142,191742.7857142857
2024-07-03,434,197266.0,2,7,404.0,427.0,415.0,416.85714285714283,411.14285714285717,410.82142857142856,14.893271091654887,15.042796092672123,0.9749279121818251,-0.22252093395630812,173555.0,180309.0,178348.0,199698.42857142858,194431.35714285713,192478.25
2024-07-04,434,247639.0,3,7,434.0,413.0,399.0,419.85714285714283,413.64285714285717,412.0357142857143,16.056448044618204,15.760745505879344,0.43388373911757033,-0.9009688679024133,197266.0,185388.0,178126.0,208591.42857142858,199396.57142857142,195508.0357142857
2024-07-05,444,187135.0,4,7,434.0,435.0,390.0,421.14285714285717,417.5,413.9642857142857,17.74287247909774,16.132861828244454,-0.43388373911753947,-0.9009688679024281,247639.0,189709.0,157696.0,208223.7142857143,201499.35714285713,196584.07142857142
2024-07-06,439,244616.0,5,7,444.0,400.0,417.0,426.7142857142857,419.07142857142856,414.39285714285717,16.03864380919087,17.121575618159312,-0.9749279121818237,-0.22252093395631387,187135.0,227924.0,231348.0,210608.2857142857,202447.07142857142,197043.4642857143
2024-07-07,392,220765.0,6,7,439.0,405.0,397.0,424.85714285714283,418.7142857142857,414.4642857142857,19.37720801550603,17.66103303637938,-0.7818314824680339,0.6234898018587284,244616.0,236855.0,228403.0,208309.7142857143,201901.5,196879.89285714287
2024-07-08,435,182332.0,0,7,392.0,427.0,414.0,426.0,420.2142857142857,414.9642857142857,19.75685535031662,18.11577540933079,1.4703189357407298e-14,1.0,220765.0,187192.0,182931.0,207615.42857142858,201858.7142857143,197043.4642857143
2024-07-09,402,167682.0,1,7,435.0,404.0,394.0,425.7142857142857,420.7857142857143,414.0357142857143,20.1388040501771,17.334618859063685,0.7818314824680346,0.6234898018587276,182332.0,173555.0,165337.0,206776.42857142858,202026.2142857143,196490.17857142858
2024-07-10,392,166783.0,2,7,402.0,434.0,427.0,419.7142857142857,418.2857142857143,413.85714285714283,23.271687273840445,18.82889992876558,0.9749279121818235,-0.2225209339563148,167682.0,197266.0,180309.0,202421.7142857143,201060.07142857142,196411.5
2024-07-11,424,182038.0,3,7,392.0,434.0,413.0,418.2857142857143,419.07142857142856,415.14285714285717,22.544136604405445,18.82087337838684,0.43388373911756417,-0.9009688679024163,166783.0,247639.0,185388.0,193050.14285714287,200820.7857142857,197007.64285714287
2024-07-12,421,182614.0,4,7,424.0,444.0,435.0,415.0,418.07142857142856,414.89285714285717,19.663841605003423,18.273411898646028,-0.43388373911754563,-0.9009688679024251,182038.0,187135.0,189709.0,192404.2857142857,200314.0,197046.25
2024-07-13,378,212899.0,5,7,421.0,439.0,400.0,406.2857142857143,416.5,413.0,20.742181544815587,20.728093162513584,-0.974927912181819,-0.22252093395633488,182614.0,244616.0,227924.0,187873.2857142857,199240.7857142857,195871.60714285713
2024-07-14,431,244997.0,6,7,378.0,392.0,405.0,411.85714285714283,418.35714285714283,412.9642857142857,21.48975392622073,20.78315569011492,-0.7818314824680473,0.6234898018587115,212899.0,220765.0,236855.0,191335.0,199822.35714285713,195691.60714285713
2024-07-15,370,150226.0,0,7,431.0,435.0,427.0,402.57142857142856,414.2857142857143,412.2857142857143,23.747681591102154,24.253242674326607,-6.858022075225178e-15,1.0,244997.0,182332.0,187192.0,186748.42857142858,197181.92857142858,194992.07142857142
2024-07-16,408,173028.0,1,7,370.0,402.0,404.0,403.42857142857144,414.57142857142856,412.17857142857144,23.831751529259712,24.146075603148518,0.781831482468021,0.6234898018587445,150226.0,167682.0,173555.0,187512.14285714287,197144.2857142857,195112.17857142858
2024-07-17,447,186514.0,2,7,408.0,392.0,434.0,411.2857142857143,415.5,413.32142857142856,28.117102065672118,25.17859286103048,0.974927912181822,-0.2225209339563215,173028.0,166783.0,197266.0,190330.85714285713,196376.2857142857,195403.82142857142
2024-07-18,389,163580.0,3,7,447.0,424.0,434.0,406.2857142857143,412.2857142857143,412.9642857142857,28.587376501492543,25.505440057514598,0.433883739117558,-0.9009688679024191,186514.0,182038.0,247639.0,187694.0,190372.07142857142,194884.32142857142
2024-07-19,396,167749.0,4,7,389.0,421.0,444.0,402.7142857142857,408.85714285714283,413.17857142857144,27.998299268076146,24.101889944589367,-0.43388373911755185,-0.9009688679024221,163580.0,182614.0,187135.0,185570.42857142858,188987.35714285713,195243.35714285713
2024-07-20,389,219871.0,5,7,396.0,378.0,439.0,404.2857142857143,405.2857142857143,412.17857142857144,26.65654569841,22.969640737381948,-0.9749279121818205,-0.2225209339563282,167749.0,212899.0,244616.0,186566.42857142858,187219.85714285713,194833.4642857143
2024-07-21,428,250129.0,6,7,389.0,431.0,392.0,403.85714285714283,407.85714285714283,413.2857142857143,26.175233659756483,23.379337171814903,-0.7818314824680254,0.6234898018587391,219871.0,244997.0,220765.0,187299.57142857142,189317.2857142857,195609.39285714287
2024-07-22,426,186648.0,0,7,428.0,370.0,435.0,411.85714285714283,407.2142857142857,413.7142857142857,22.38622025137007,22.689131832150455,2.475922546353431e-18,1.0,250129.0,150226.0,182332.0,192502.7142857143,189625.57142857142,195742.14285714287
2024-07-23,436,184374.0,1,7,426.0,408.0,402.0,415.85714285714283,409.64285714285717,415.2142857142857,24.023797725231805,23.87662887832797,0.7818314824680254,0.6234898018587391,186648.0,173028.0,167682.0,194123.57142857142,190817.85714285713,196422.0357142857
2024-07-24,429,182844.0,2,7,436.0,447.0,392.0,413.2857142857143,412.2857142857143,415.2857142857143,20.894291770036702,23.821220570125,0.9749279121818267,-0.2225209339563005,184374.0,186514.0,166783.0,193599.2857142857,191965.07142857142,196512.57142857142
2024-07-25,413,174371.0,3,7,429.0,389.0,424.0,416.7142857142857,411.5,415.2857142857143,18.015866023353535,23.585360518110132,0.43388373911757744,-0.9009688679024098,182844.0,163580.0,182038.0,195140.85714285713,191417.42857142858,196119.10714285713
2024-07-26,430,183310.0,4,7,413.0,396.0,421.0,421.57142857142856,412.14285714285717,415.10714285714283,15.967228342839533,23.9835108190771,-0.4338837391175324,-0.9009688679024315,174371.0,167749.0,182614.0,197363.85714285713,191467.14285714287,195890.57142857142
2024-07-27,420,235122.0,5,7,430.0,389.0,378.0,426.0,415.14285714285717,415.82142857142856,7.461009761866364,21.922440707945867,-0.9749279121818283,-0.2225209339562938,183310.0,219871.0,212899.0,199542.57142857142,193054.5,196147.64285714287
2024-07-28,381,221092.0,6,7,420.0,428.0,431.0,419.2857142857143,411.57142857142856,414.9642857142857,18.43650622826238,23.177290894037007,-0.781831482468021,0.6234898018587445,235122.0,250129.0,244997.0,195394.42857142858,191347.0,195584.67857142858
2024-07-29,389,162972.0,0,7,381.0,426.0,370.0,414.0,412.92857142857144,413.60714285714283,21.27596452964378,21.010855383730586,6.8629739203178846e-15,1.0,221092.0,186648.0,150226.0,192012.14285714287,192257.42857142858,194719.67857142858
2024-07-30,414,171678.0,1,7,389.0,436.0,408.0,410.85714285714283,413.35714285714283,413.9642857142857,18.986210534916726,20.96373110822638,0.7818314824680296,0.6234898018587337,162972.0,184374.0,173028.0,190198.42857142858,192161.0,194652.64285714287
2024-07-31,385,173551.0,2,7,414.0,429.0,447.0,404.57142857142856,408.92857142857144,412.2142857142857,19.26012411570525,19.827968923930413,0.9749279121818253,-0.22252093395630718,171678.0,182844.0,186514.0,188870.85714285713,191235.07142857142,193805.67857142858
2024-08-01,425,176463.0,3,8,385.0,413.0,389.0,406.2857142857143,411.5,411.89285714285717,20.62130197727791,19.373852323328755,0.4338837391175712,-0.9009688679024128,173551.0,174371.0,163580.0,189169.7142857143,192155.2857142857,191263.67857142858
2024-08-02,409,173906.0,4,8,425.0,430.0,396.0,403.2857142857143,412.42857142857144,410.64285714285717,17.950991483427444,18.879024932913754,-0.4338837391175386,-0.9009688679024286,176463.0,183310.0,167749.0,187826.2857142857,192595.07142857142,190791.2142857143
2024-08-03,415,238260.0,5,8,409.0,420.0,389.0,402.57142857142856,414.2857142857143,409.7857142857143,17.261297197846115,17.634880520973393,-0.9749279121818235,-0.2225209339563148,173906.0,235122.0,219871.0,188274.57142857142,193908.57142857142,190564.2142857143
2024-08-04,416,241866.0,6,8,415.0,381.0,428.0,407.57142857142856,413.42857142857144,410.64285714285717,14.87567525478106,17.20337304007677,-0.7818314824680346,0.6234898018587276,238260.0,221092.0,250129.0,191242.2857142857,193318.35714285713,191317.82142857142
2024-08-05,399,166189.0,0,8,416.0,389.0,426.0,409.0,411.5,409.35714285714283,13.17826493384689,17.19906079725546,-1.469823751231459e-14,1.0,241866.0,162972.0,186648.0,191701.85714285713,191857.0,190741.2857142857
2024-08-06,412,174966.0,1,8,399.0,414.0,436.0,408.7142857142857,409.7857142857143,409.7142857142857,13.07305480386102,15.699968502803094,0.7818314824680163,0.6234898018587506,166189.0,171678.0,184374.0,192171.57142857142,191185.0,191001.42857142858
2024-08-07,439,177780.0,2,8,412.0,385.0,429.0,416.42857142857144,410.5,411.39285714285717,12.673557023150305,16.828318623448556,0.9749279121818237,-0.22252093395631387,174966.0,173551.0,182844.0,192775.7142857143,190823.2857142857,191394.17857142858
2024-08-08,404,170711.0,3,8,439.0,425.0,413.0,413.42857142857144,409.85714285714283,410.67857142857144,12.79136613575897,16.897233013617395,0.43388373911756506,-0.9009688679024158,177780.0,176463.0,174371.0,191954.0,190561.85714285713,190989.64285714287
2024-08-09,416,170135.0,4,8,404.0,409.0,430.0,414.42857142857144,408.85714285714283,410.5,12.660399452059494,16.004120348581072,-0.4338837391175704,-0.9009688679024133,170711.0,173906.0,183310.0,191415.2857142857,189620.7857142857,190543.9642857143
2024-08-10,401,223379.0,5,8,416.0,415.0,420.0,412.42857142857144,407.5,411.32142857142856,13.624208146495741,15.790698333074223,-0.9749279121818251,-0.22252093395630812,170135.0,238260.0,235122.0,189289.42857142858,188782.0,190918.25
2024-08-11,394,227945.0,6,8,401.0,416.0,381.0,409.2857142857143,408.42857142857144,410.0,15.118578920368826,14.436674908633954,-0.7818314824680302,0.6234898018587329,223379.0,241866.0,221092.0,187300.7142857143,189271.5,190309.25
2024-08-12,367,148116.0,0,8,394.0,399.0,389.0,404.7142857142857,406.85714285714283,409.89285714285717,22.012983182009165,17.571205216127105,-7.83773951454306e-15,1.0,227945.0,166189.0,162972.0,184718.85714285713,188210.35714285713,190233.89285714287
2024-08-13,411,178096.0,1,8,367.0,412.0,414.0,404.57142857142856,406.64285714285717,410.0,21.961004400657636,17.495525330592574,0.7818314824680205,0.6234898018587453,148116.0,174966.0,171678.0,185166.0,188668.7857142857,190414.89285714287
2024-08-14,444,181419.0,2,8,411.0,439.0,385.0,405.2857142857143,410.85714285714283,409.89285714285717,23.307468657880573,18.928436657202084,0.9749279121818285,-0.22252093395629285,178096.0,177780.0,173551.0,185685.85714285713,189230.7857142857,190232.92857142858
2024-08-15,399,223356.0,3,8,444.0,404.0,425.0,404.57142857142856,409.0,410.25,23.42973283997004,18.708286933869665,0.4338837391175845,-0.9009688679024064,181419.0,170711.0,176463.0,193206.57142857142,192580.2857142857,192367.7857142857
2024-08-16,388,160771.0,4,8,399.0,416.0,409.0,400.57142857142856,407.5,409.9642857142857,23.543273227945644,19.532024984624595,-0.4338837391175509,-0.9009688679024226,223356.0,170135.0,173906.0,191868.85714285713,191642.07142857142,192118.57142857142
2024-08-17,416,238243.0,5,8,388.0,401.0,415.0,402.7142857142857,407.57142857142856,410.92857142857144,24.260491103261234,19.563365628778552,-0.9749279121818203,-0.22252093395632913,160771.0,223379.0,238260.0,193992.2857142857,191640.85714285713,192774.7142857143
2024-08-18,390,211885.0,6,8,416.0,394.0,416.0,402.14285714285717,405.7142857142857,409.57142857142856,24.545390411973063,19.93230301035743,-0.7818314824680259,0.6234898018587384,238243.0,227945.0,241866.0,191698.0,189499.35714285713,191408.85714285713
2024-08-19,372,146630.0,0,8,390.0,367.0,399.0,402.85714285714283,403.7857142857143,407.64285714285717,23.398209129678698,21.84624090680691,-9.772415167715292e-16,1.0,211885.0,148116.0,166189.0,191485.7142857143,188102.2857142857,189979.64285714287
2024-08-20,421,178479.0,1,8,372.0,411.0,412.0,404.2857142857143,404.42857142857144,407.10714285714283,24.26736001102616,22.235502747129054,0.7818314824680248,0.6234898018587399,146630.0,178096.0,174966.0,191540.42857142858,188353.2142857143,189769.10714285713
2024-08-21,408,178447.0,2,8,421.0,444.0,439.0,399.14285714285717,402.2142857142857,406.35714285714283,17.247498093235958,19.95448116793122,0.974927912181827,-0.22252093395629952,178479.0,181419.0,177780.0,191115.85714285713,188400.85714285713,189612.07142857142
2024-08-22,354,151119.0,3,8,408.0,399.0,404.0,392.7142857142857,398.64285714285717,404.25,24.267360011026046,23.727968381563752,0.4338837391175527,-0.9009688679024217,178447.0,223356.0,170711.0,180796.2857142857,187001.42857142858,188781.64285714287
2024-08-23,374,157962.0,4,8,354.0,388.0,416.0,390.7142857142857,395.64285714285717,402.25,25.27656546892289,24.01796488803006,-0.4338837391175571,-0.9009688679024196,151119.0,160771.0,170135.0,180395.0,186131.92857142858,187876.35714285713
2024-08-24,417,238079.0,5,8,374.0,416.0,401.0,390.85714285714283,396.7857142857143,402.14285714285717,25.445553451952538,24.664451439980812,-0.9749279121818217,-0.22252093395632244,157962.0,238243.0,223379.0,180371.57142857142,187181.92857142858,187981.9642857143
2024-08-25,416,222657.0,6,8,417.0,390.0,394.0,394.57142857142856,398.35714285714283,403.39285714285717,27.14072673343572,25.168989291944712,-0.7818314824680395,0.6234898018587215,238079.0,211885.0,227945.0,181910.42857142858,186804.2142857143,188037.85714285713
2024-08-26,392,161870.0,0,8,416.0,372.0,367.0,397.42857142857144,400.14285714285717,403.5,25.363077776281415,23.611786961525972,-2.2538452949404006e-14,1.0,222657.0,146630.0,148116.0,184087.57142857142,187786.64285714287,187998.5
2024-08-27,395,168744.0,1,8,392.0,421.0,411.0,393.7142857142857,399.0,402.82142857142856,23.142416221548977,23.432390468685185,0.7818314824680113,0.6234898018587567,161870.0,178479.0,178096.0,182696.85714285713,187118.64285714287,187893.7142857143
2024-08-28,406,180137.0,2,8,395.0,408.0,444.0,393.42857142857144,396.2857142857143,403.57142857142856,22.94818179331496,19.72670416321146,0.9749279121818318,-0.2225209339562785,168744.0,178447.0,181419.0,182938.2857142857,187027.07142857142,188128.92857142858
2024-08-29,412,169694.0,3,8,406.0,354.0,399.0,401.7142857142857,397.2142857142857,403.10714285714283,15.649433277430509,20.165387602098395,0.4338837391175465,-0.9009688679024247,180137.0,151119.0,223356.0,185591.85714285713,183194.07142857142,187887.17857142858
2024-08-30,419,177168.0,4,8,412.0,374.0,388.0,408.14285714285717,399.42857142857144,403.4642857142857,10.884676865951526,20.768742362999838,-0.4338837391175633,-0.9009688679024166,169694.0,157962.0,160771.0,188335.57142857142,184365.2857142857,188003.67857142858
2024-08-31,395,217789.0,5,8,419.0,417.0,416.0,405.0,397.92857142857144,402.75,11.075498483890266,20.231218396384428,-0.9749279121818233,-0.22252093395631575,177168.0,238079.0,238243.0,185437.0,182904.2857142857,187272.57142857142
2024-09-01,375,205767.0,6,9,395.0,416.0,390.0,399.14285714285717,396.85714285714283,401.2857142857143,14.576563054306648,21.06348332233623,-0.7818314824680351,0.6234898018587268,217789.0,222657.0,211885.0,183024.14285714287,182467.2857142857,185983.32142857142
2024-09-02,400,176903.0,0,9,375.0,392.0,372.0,400.2857142857143,398.85714285714283,401.32142857142856,14.232758993653201,19.81396998567959,-1.5677954951632475e-14,1.0,205767.0,161870.0,146630.0,185171.7142857143,184629.64285714287,186365.9642857143
2024-09-03,408,167335.0,1,9,400.0,395.0,421.0,402.14285714285717,397.92857142857144,401.17857142857144,14.276187299468726,18.98365404444378,0.7818314824680156,0.6234898018587514,176903.0,168744.0,178479.0,184970.42857142858,183833.64285714287,186093.42857142858
2024-09-04,395,172238.0,2,9,408.0,406.0,408.0,400.57142857142856,397.0,399.60714285714283,14.38583959845127,18.769861275664745,0.974927912181824,-0.2225209339563129,167335.0,180137.0,178447.0,183842.0,183390.14285714287,185895.5
2024-09-05,437,190276.0,3,9,395.0,412.0,354.0,404.14285714285717,402.92857142857144,400.7857142857143,19.785757263147136,17.184359103620945,0.43388373911756595,-0.9009688679024154,172238.0,169694.0,151119.0,186782.2857142857,186187.07142857142,186594.25
2024-09-06,425,179077.0,4,9,437.0,419.0,374.0,405.0,406.57142857142856,401.10714285714283,20.64784088793119,15.940824637072252,-0.43388373911754385,-0.900968867902426,190276.0,177168.0,157962.0,187055.0,187695.2857142857,186913.60714285713
2024-09-07,405,227874.0,5,9,425.0,395.0,417.0,406.42857142857144,405.7142857142857,401.25,20.181320925194782,15.657038581508871,-0.9749279121818185,-0.2225209339563368,179077.0,217789.0,238079.0,188495.7142857143,186966.35714285713,187074.14285714287
2024-09-08,375,206542.0,6,9,405.0,375.0,416.0,406.42857142857144,402.7857142857143,400.57142857142856,20.181320925194782,17.33018075021628,-0.7818314824680308,0.6234898018587323,227874.0,205767.0,222657.0,188606.42857142858,185815.2857142857,186309.75
2024-09-09,411,174342.0,0,9,375.0,400.0,392.0,408.0,404.14285714285717,402.14285714285717,20.024984394500567,17.163723564349546,-8.817456953860943e-15,1.0,206542.0,176903.0,161870.0,188240.57142857142,186706.14285714287,187246.39285714287
2024-09-10,376,157247.0,1,9,411.0,408.0,395.0,403.42857142857144,402.7857142857143,400.89285714285717,23.394138460001116,18.630737924312005,0.7818314824680376,0.6234898018587238,174342.0,167335.0,168744.0,186799.42857142858,185884.92857142858,186501.7857142857
2024-09-11,398,164328.0,2,9,376.0,395.0,406.0,403.85714285714283,402.2142857142857,399.25,23.240973670284266,18.64724591514207,0.9749279121818224,-0.22252093395631958,157247.0,172238.0,180137.0,185669.42857142858,184755.7142857143,185891.39285714287
2024-09-12,429,196717.0,3,9,398.0,437.0,412.0,402.7142857142857,403.42857142857144,400.32142857142856,21.468692598869424,19.848325973644364,0.4338837391175598,-0.9009688679024184,164328.0,190276.0,169694.0,186589.57142857142,186685.92857142858,184940.0
2024-09-13,413,181653.0,4,9,429.0,425.0,419.0,401.0,403.0,401.2142857142857,19.80740602232714,19.54875561650531,-0.43388373911755007,-0.900968867902423,196717.0,179077.0,177168.0,186957.57142857142,187006.2857142857,185685.7857142857
2024-09-14,397,238074.0,5,9,413.0,405.0,395.0,399.85714285714283,403.14285714285717,400.5357142857143,19.768902949064003,19.49302495709744,-0.9749279121818201,-0.2225209339563301,181653.0,227874.0,217789.0,188414.7142857143,188455.2142857143,185679.75
2024-09-15,398,229141.0,6,9,397.0,375.0,375.0,403.14285714285717,404.7857142857143,400.82142857142856,16.607514076751897,17.83763769901494,-0.7818314824680442,0.6234898018587154,238074.0,206542.0,205767.0,191643.14285714287,190124.7857142857,186296.0357142857
2024-09-16,425,181085.0,0,9,398.0,411.0,400.0,405.14285714285717,406.57142857142856,402.7142857142857,18.451996923806917,18.55849084428961,-3.037866838649342e-14,1.0,229141.0,174342.0,176903.0,192606.42857142858,190423.5,187526.57142857142
2024-09-17,414,181411.0,1,9,425.0,376.0,408.0,410.57142857142856,407.0,402.4642857142857,13.32737962313068,18.66300330353319,0.7818314824680241,0.6234898018587407,181085.0,157247.0,167335.0,196058.42857142858,191428.92857142858,187631.2857142857
2024-09-18,452,189385.0,2,9,414.0,398.0,395.0,418.2857142857143,411.07142857142856,404.0357142857143,19.180843618171632,21.79789787223408,0.9749279121818272,-0.22252093395629857,181411.0,164328.0,172238.0,199638.0,192653.7142857143,188021.92857142858
2024-09-19,418,190763.0,3,9,452.0,429.0,437.0,416.7142857142857,409.7142857142857,406.32142857142856,18.59851504568994,20.618992631621303,0.43388373911755357,-0.9009688679024214,189385.0,196717.0,190276.0,198787.42857142858,192688.5,189437.7857142857
2024-09-20,395,167309.0,4,9,418.0,413.0,425.0,414.14285714285717,407.57142857142856,407.07142857142856,20.358688328971073,20.466536611725953,-0.43388373911755623,-0.90096886790242,190763.0,181653.0,179077.0,196738.2857142857,191847.92857142858,189771.60714285713
2024-09-21,418,240069.0,5,9,395.0,397.0,405.0,417.14285714285717,408.5,407.10714285714283,18.90704076465124,20.635108245601465,-0.9749279121818215,-0.2225209339563234,167309.0,238074.0,227874.0,197023.2857142857,192719.0,189842.67857142858
2024-09-22,422,236746.0,6,9,418.0,398.0,375.0,420.57142857142856,411.85714285714283,407.32142857142856,16.92982715856962,18.476001660603742,-0.78183148246804,0.6234898018587207,240069.0,229141.0,206542.0,198109.7142857143,194876.42857142858,190345.85714285713
2024-09-23,379,165792.0,0,9,422.0,425.0,411.0,414.0,409.57142857142856,406.85714285714283,22.825424421026497,20.46277778614798,4.90353904168212e-15,1.0,236746.0,181085.0,174342.0,195925.0,194265.7142857143,190485.92857142858
2024-09-24,399,172176.0,1,9,379.0,414.0,376.0,411.85714285714283,411.2142857142857,407.0,23.51898928829319,18.377153757308978,0.7818314824680284,0.6234898018587353,165792.0,181411.0,157247.0,194605.7142857143,195332.07142857142,190608.5
2024-09-25,420,179575.0,2,9,399.0,452.0,398.0,407.2857142857143,412.7857142857143,407.5,16.469307673308176,18.09878266806716,0.9749279121818257,-0.22252093395630526,172176.0,189385.0,164328.0,193204.2857142857,196421.14285714287,190588.42857142858
2024-09-26,398,166890.0,3,9,420.0,418.0,429.0,404.42857142857144,410.57142857142856,407.0,16.02973427578802,17.8571868131326,0.433883739117573,-0.9009688679024119,179575.0,190763.0,196717.0,189793.85714285713,194290.64285714287,190488.2857142857
2024-09-27,389,164193.0,4,9,398.0,395.0,413.0,403.57142857142856,408.85714285714283,405.92857142857144,16.761634196950286,18.73646031284838,-0.4338837391175368,-0.9009688679024294,166890.0,167309.0,181653.0,189348.7142857143,193043.5,190024.89285714287
2024-09-28,423,241603.0,5,9,389.0,418.0,397.0,404.2857142857143,410.7142857142857,406.92857142857144,17.56620131307338,18.759320027977658,-0.9749279121818167,-0.22252093395634442,164193.0,240069.0,238074.0,189567.85714285713,193295.57142857142,190875.39285714287
2024-09-29,373,208005.0,6,9,423.0,422.0,398.0,397.2857142857143,408.92857142857144,406.85714285714283,19.03255356587989,21.105829620179378,-0.781831482468018,0.6234898018587482,241603.0,236746.0,229141.0,185462.0,191785.85714285713,190955.32142857142
2024-09-30,380,159638.0,0,9,373.0,379.0,425.0,397.42857142857144,405.7142857142857,406.14285714285717,18.87553215900697,21.882302548753056,1.1764037039453651e-14,1.0,208005.0,165792.0,181085.0,184582.85714285713,190253.92857142858,190338.7142857143
2024-10-01,395,177137.0,1,10,380.0,399.0,414.0,396.85714285714283,404.35714285714283,405.67857142857144,18.88057706946963,21.918054176890326,0.7818314824680327,0.6234898018587299,159638.0,172176.0,181411.0,185291.57142857142,189948.64285714287,190688.7857142857
2024-10-02,421,176858.0,2,10,395.0,420.0,452.0,397.0,402.14285714285717,406.60714285714283,19.087517736293666,17.93945862684206,0.9749279121818242,-0.22252093395631195,177137.0,179575.0,189385.0,184903.42857142858,189053.85714285713,190853.7857142857
2024-10-03,415,177747.0,3,10,421.0,398.0,418.0,399.42857142857144,401.92857142857144,405.82142857142856,20.280180331686065,17.752418191569113,0.43388373911756684,-0.9009688679024149,176858.0,166890.0,190763.0,186454.42857142858,188124.14285714287,190406.32142857142
2024-10-04,391,167978.0,4,10,415.0,389.0,395.0,399.7142857142857,401.64285714285717,404.60714285714283,20.122245448874587,17.904048286768766,-0.43388373911754297,-0.9009688679024264,177747.0,164193.0,167309.0,186995.14285714287,188171.92857142858,190009.92857142858
2024-10-05,407,231216.0,5,10,391.0,423.0,418.0,397.42857142857144,400.85714285714283,404.67857142857144,17.81251566415328,17.36423000067917,-0.9749279121818183,-0.22252093395633774,167978.0,241603.0,240069.0,185511.2857142857,187539.57142857142,190129.2857142857
2024-10-06,438,241590.0,6,10,407.0,373.0,422.0,406.7142857142857,402.0,406.92857142857144,19.788163850428905,19.28331283379897,-0.7818314824680315,0.6234898018587315,231216.0,208005.0,236746.0,190309.14285714287,187885.57142857142,191381.0
2024-10-07,382,163243.0,0,10,438.0,380.0,379.0,407.0,402.2142857142857,405.89285714285717,19.34769581457508,19.022976275378895,-9.797174393178826e-15,1.0,241590.0,159638.0,165792.0,190824.14285714287,187703.5,190984.60714285713
2024-10-08,421,182209.0,1,10,382.0,395.0,399.0,410.7142857142857,403.7857142857143,407.5,19.15475820533256,19.635832909910775,0.7818314824680193,0.6234898018587468,163243.0,177137.0,172176.0,191548.7142857143,188420.14285714287,191876.10714285713
2024-10-09,448,194382.0,2,10,421.0,421.0,420.0,414.57142857142856,405.7857142857143,409.2857142857143,23.740662324776057,22.614422122001866,0.974927912181829,-0.22252093395629094,182209.0,176858.0,179575.0,194052.14285714287,189477.7857142857,192949.4642857143
2024-10-10,413,181314.0,3,10,448.0,415.0,398.0,414.2857142857143,406.85714285714283,408.7142857142857,23.746678965799735,22.572471807856626,0.4338837391175606,-0.9009688679024179,194382.0,177747.0,166890.0,194561.7142857143,190508.07142857142,192399.35714285713
2024-10-11,363,156313.0,4,10,413.0,391.0,389.0,410.2857142857143,405.0,406.92857142857144,29.887089106135573,25.084472671969195,-0.4338837391175492,-0.9009688679024235,181314.0,167978.0,164193.0,192895.2857142857,189945.2142857143,191494.35714285713
2024-10-12,449,256787.0,5,10,363.0,407.0,423.0,416.2857142857143,406.85714285714283,408.7857142857143,33.154759767461584,27.37729868917827,-0.9749279121818262,-0.22252093395630335,156313.0,231216.0,241603.0,196548.2857142857,191029.7857142857,192162.67857142858
2024-10-13,449,260278.0,6,10,449.0,438.0,373.0,417.85714285714283,412.2857142857143,410.60714285714283,34.58529828037994,27.680675212497533,-0.7818314824680271,0.6234898018587368,256787.0,241590.0,208005.0,199218.0,194763.57142857142,193274.7142857143
2024-10-14,398,168046.0,0,10,449.0,382.0,380.0,420.14285714285717,413.57142857142856,409.64285714285717,32.27191023903273,26.456682406455236,-3.13583858258113e-14,1.0,260278.0,163243.0,159638.0,199904.14285714287,195364.14285714287,192809.0357142857
2024-10-15,388,167999.0,1,10,398.0,421.0,395.0,415.42857142857144,413.07142857142856,408.7142857142857,34.46184916134131,26.89713821126773,0.7818314824680235,0.6234898018587414,168046.0,182209.0,177137.0,197874.14285714287,194711.42857142858,192330.0357142857
2024-10-16,390,165197.0,2,10,388.0,448.0,421.0,407.14285714285717,410.85714285714283,406.5,32.22539666902769,27.464262493023735,0.9749279121818211,-0.22252093395632533,167999.0,194382.0,176858.0,193704.85714285713,193878.5,191466.17857142858
2024-10-17,418,176432.0,3,10,390.0,413.0,415.0,407.85714285714283,411.07142857142856,406.5,32.43161303126187,27.510737164617296,0.43388373911758005,-0.9009688679024086,165197.0,181314.0,177747.0,193007.42857142858,193784.57142857142,190954.35714285713
2024-10-18,415,184398.0,4,10,418.0,363.0,391.0,415.2857142857143,412.7857142857143,407.2142857142857,25.701584164627327,26.904899672245964,-0.43388373911755534,-0.9009688679024205,176432.0,156313.0,167978.0,197019.57142857142,194957.42857142858,191564.67857142858
2024-10-19,376,205650.0,5,10,415.0,449.0,407.0,404.85714285714283,410.57142857142856,405.7142857142857,24.525011528563642,28.637560826821236,-0.974927912181815,-0.22252093395635208,184398.0,256787.0,231216.0,189714.2857142857,193131.2857142857,190335.42857142858
2024-10-20,408,254829.0,6,10,376.0,449.0,438.0,399.0,408.42857142857144,405.2142857142857,15.438048235878775,27.52820731181374,-0.7818314824680406,0.6234898018587199,205650.0,260278.0,241590.0,188935.85714285713,194076.92857142858,190981.25
2024-10-21,385,158511.0,0,10,408.0,398.0,382.0,397.14285714285717,408.64285714285717,405.42857142857144,16.334305121721872,27.317526475639234,3.923821602364237e-15,1.0,254829.0,168046.0,163243.0,187573.7142857143,193738.92857142858,190721.2142857143
2024-10-22,428,186528.0,1,10,385.0,388.0,421.0,402.85714285714283,409.14285714285717,406.4642857142857,19.32553208778944,27.62344918823394,0.7818314824680456,0.6234898018587138,158511.0,167999.0,182209.0,190220.7142857143,194047.42857142858,191233.7857142857
2024-10-23,412,172505.0,2,10,428.0,390.0,448.0,406.0,406.57142857142856,406.17857142857144,18.663690238892304,25.306473132729927,0.974927912181826,-0.22252093395630432,186528.0,165197.0,194382.0,191264.7142857143,192484.7857142857,190981.2857142857
2024-10-24,416,183279.0,3,10,412.0,418.0,413.0,405.7142857142857,406.7857142857143,406.82142857142856,18.463606416536077,25.37769635974612,0.4338837391175483,-0.9009688679024239,172505.0,176432.0,181314.0,192242.85714285713,192625.14285714287,191566.60714285713
2024-10-25,379,157102.0,4,10,416.0,415.0,363.0,400.57142857142856,407.92857142857144,406.4642857142857,20.36219653227606,23.548523669923878,-0.4338837391175359,-0.9009688679024298,183279.0,184398.0,156313.0,188343.42857142858,192681.5,191313.35714285713
2024-10-26,385,222388.0,5,10,379.0,376.0,449.0,401.85714285714283,403.35714285714283,405.10714285714283,18.77434926904735,21.04064616899379,-0.9749279121818228,-0.22252093395631767,157102.0,205650.0,256787.0,190734.57142857142,190224.42857142858,190627.10714285713
2024-10-27,370,207342.0,6,10,385.0,408.0,449.0,396.42857142857144,397.7142857142857,405.0,21.930626551750997,18.26905147396132,-0.7818314824680541,0.6234898018587031,222388.0,254829.0,260278.0,183950.7142857143,186443.2857142857,190603.42857142858
2024-10-28,392,154487.0,0,10,370.0,385.0,398.0,397.42857142857144,397.2857142857143,405.42857142857144,21.477563043457696,18.332101190696633,-1.763738983026824e-14,1.0,207342.0,158511.0,168046.0,183375.85714285713,185474.7857142857,190419.4642857143
2024-10-29,416,185207.0,1,10,392.0,428.0,388.0,395.7142857142857,399.2857142857143,406.17857142857144,18.962368748956788,18.763420105778675,0.7818314824680321,0.6234898018587307,154487.0,186528.0,167999.0,183187.14285714287,186703.92857142858,190707.67857142858
2024-10-30,398,179823.0,2,10,416.0,412.0,390.0,393.7142857142857,399.85714285714283,405.35714285714283,17.651386024089206,18.579795241304357,0.9749279121818307,-0.22252093395628328,185207.0,172505.0,165197.0,184232.57142857142,187748.64285714287,190813.57142857142
2024-10-31,371,214636.0,3,10,398.0,416.0,418.0,387.2857142857143,396.5,403.7857142857143,16.327015298927343,19.282315532832143,0.4338837391175677,-0.9009688679024145,179823.0,183279.0,176432.0,188712.14285714287,190477.5,192131.0357142857
2024-11-01,416,180225.0,4,11,371.0,379.0,415.0,392.57142857142856,396.57142857142856,404.67857142857144,18.972411047422607,19.357822055316092,-0.4338837391175677,-0.9009688679024145,214636.0,157102.0,184398.0,192015.42857142858,190179.42857142858,192568.42857142858
2024-11-02,430,242788.0,5,11,416.0,385.0,376.0,399.0,400.42857142857144,405.5,23.144473782452984,20.30048989827326,-0.9749279121818181,-0.2225209339563387,180225.0,222388.0,205650.0,194929.7142857143,192832.14285714287,192981.7142857143
2024-11-03,397,230388.0,6,11,430.0,370.0,408.0,402.85714285714283,399.64285714285717,404.0357142857143,19.463029666768563,20.197513719256772,-0.7818314824680321,0.6234898018587307,242788.0,207342.0,254829.0,198222.0,191086.35714285713,192581.64285714287
2024-11-04,438,183966.0,0,11,397.0,392.0,385.0,409.42857142857144,403.42857142857144,406.0357142857143,22.68521649927636,22.117567976312763,1.76448175979073e-14,1.0,230388.0,154487.0,158511.0,202433.2857142857,192904.57142857142,193321.75
2024-11-05,403,170241.0,1,11,438.0,416.0,428.0,407.57142857142856,401.64285714285717,405.39285714285717,22.589504516162062,20.960061446097423,0.7818314824680187,0.6234898018587476,183966.0,185207.0,186528.0,200295.2857142857,191741.2142857143,192894.32142857142
2024-11-06,393,171074.0,2,11,403.0,398.0,412.0,406.85714285714283,400.2857142857143,403.42857142857144,23.01759161618599,20.852701619578443,0.9749279121818228,-0.2225209339563177,170241.0,179823.0,172505.0,199045.42857142858,191639.0,192061.89285714287
2024-11-07,380,164502.0,3,11,393.0,371.0,416.0,408.14285714285717,397.7142857142857,402.25,20.82809457942603,20.985081042817836,0.43388373911758715,-0.9009688679024052,171074.0,214636.0,183279.0,191883.42857142858,190297.7857142857,191461.4642857143
2024-11-08,407,180253.0,4,11,380.0,416.0,379.0,406.85714285714283,399.7142857142857,403.82142857142856,20.538001942971846,20.390150606561168,-0.4338837391175483,-0.9009688679024239,164502.0,180225.0,157102.0,191887.42857142858,191951.42857142858,192316.4642857143
2024-11-09,420,229781.0,5,11,407.0,430.0,385.0,405.42857142857144,402.2142857142857,402.7857142857143,18.946038661218125,20.591927363107025,-0.9749279121818133,-0.22252093395635972,180253.0,242788.0,222388.0,190029.2857142857,192479.5,191351.9642857143
2024-11-10,380,222697.0,6,11,420.0,397.0,370.0,403.0,402.92857142857144,400.32142857142856,21.16601048851648,19.534837857271633,-0.7818314824680456,0.6234898018587138,229781.0,230388.0,207342.0,188930.57142857142,193576.2857142857,190009.7857142857
2024-11-11,418,188202.0,0,11,380.0,438.0,392.0,400.14285714285717,404.7857142857143,401.0357142857143,16.486646833407693,19.65149660156499,-3.9163938347251765e-15,1.0,222697.0,183966.0,154487.0,189535.7142857143,195984.5,190729.64285714287
2024-11-12,393,174635.0,1,11,418.0,403.0,416.0,398.7142857142857,403.14285714285717,401.2142857142857,16.63043681240562,19.60320673475942,0.7818314824680407,0.6234898018587199,188202.0,170241.0,185207.0,190163.42857142858,195229.35714285713,190966.64285714287
2024-11-13,392,171729.0,2,11,393.0,393.0,398.0,398.57142857142856,402.7142857142857,401.2857142857143,16.691885681942438,19.78899683168399,0.9749279121818276,-0.22252093395629666,174635.0,171074.0,179823.0,190257.0,194651.2142857143,191199.92857142858
2024-11-14,388,164350.0,3,11,392.0,380.0,371.0,399.7142857142857,403.92857142857144,400.2142857142857,15.434963402550819,18.146685587241546,0.43388373911755534,-0.9009688679024205,171729.0,164502.0,214636.0,190235.2857142857,191059.35714285713,190768.42857142858
2024-11-15,415,243099.0,4,11,388.0,407.0,416.0,400.85714285714283,403.85714285714283,400.2142857142857,16.334305121721957,18.09741648734663,-0.43388373911752887,-0.9009688679024332,164350.0,180253.0,180225.0,199213.2857142857,195550.35714285713,192864.89285714287
2024-11-16,459,263396.0,5,11,415.0,420.0,430.0,406.42857142857144,405.92857142857144,403.17857142857144,27.073093302250694,22.454961027026407,-0.9749279121818211,-0.22252093395632533,243099.0,229781.0,242788.0,204015.42857142858,197022.35714285713,194927.25
2024-11-17,398,220663.0,6,11,459.0,380.0,397.0,409.0,406.0,402.82142857142856,24.913182588072885,22.42594651119718,-0.7818314824680235,0.6234898018587414,263396.0,222697.0,230388.0,203724.85714285713,196327.7142857143,193707.0357142857
2024-11-18,355,159554.0,0,11,398.0,418.0,438.0,400.0,400.07142857142856,401.75,31.601687718643355,24.21526627727076,-2.5477605267357653e-14,1.0,220663.0,188202.0,183966.0,199632.2857142857,194584.0,193744.2857142857
2024-11-19,418,167795.0,1,11,355.0,393.0,403.0,403.57142857142856,401.14285714285717,401.39285714285717,32.08767750428561,24.682155319355637,0.7818314824680273,0.6234898018587368,159554.0,174635.0,170241.0,198655.14285714287,194409.2857142857,193075.25
2024-11-20,423,188477.0,2,11,418.0,392.0,393.0,408.0,403.2857142857143,401.7857142857143,32.36252977338645,25.217297395083605,0.9749279121818325,-0.22252093395627565,167795.0,171729.0,171074.0,201047.7142857143,195652.35714285713,193645.67857142858
2024-11-21,401,165148.0,3,11,423.0,388.0,380.0,409.85714285714283,404.7857142857143,401.25,31.381674968196254,24.334775911878044,0.4338837391175748,-0.9009688679024112,188477.0,164350.0,164502.0,201161.7142857143,195698.5,192998.14285714287
2024-11-22,433,197457.0,4,11,401.0,415.0,407.0,412.42857142857144,406.64285714285717,403.17857142857144,32.58761085063422,25.48184011848782,-0.43388373911750944,-0.9009688679024426,165148.0,243099.0,180253.0,194641.42857142858,196927.35714285713,194439.39285714287
2024-11-23,403,227271.0,5,11,433.0,459.0,420.0,404.42857142857144,405.42857142857144,403.82142857142856,25.310453327015644,25.19986045661697,-0.974927912181829,-0.2225209339562909,197457.0,263396.0,229781.0,189480.7142857143,196748.07142857142,194613.7857142857
2024-11-24,409,218778.0,6,11,403.0,398.0,380.0,406.0,407.5,405.2142857142857,25.18597493315126,24.11750082727986,-0.781831482468037,0.6234898018587246,227271.0,220663.0,222697.0,189211.42857142858,196468.14285714287,195022.2142857143
2024-11-25,433,181077.0,0,11,409.0,355.0,418.0,417.14285714285717,408.57142857142856,406.67857142857144,13.322019009001059,24.939046572714876,9.804602160817886e-15,1.0,218778.0,159554.0,188202.0,192286.14285714287,195959.2142857143,195971.85714285713
2024-11-26,405,181984.0,1,11,433.0,418.0,393.0,415.2857142857143,409.42857142857144,406.2857142857143,14.06786273407429,24.566125162395924,0.7818314824680137,0.6234898018587537,181077.0,167795.0,174635.0,194313.14285714287,196484.14285714287,195856.75
2024-11-27,396,167571.0,2,11,405.0,423.0,392.0,411.42857142857144,409.7142857142857,406.2142857142857,15.251853907608744,24.370311608842517,0.9749279121818246,-0.22252093395631004,181984.0,188477.0,171729.0,191326.57142857142,196187.14285714287,195419.17857142858
2024-11-28,430,183172.0,3,11,396.0,401.0,388.0,415.57142857142856,412.7142857142857,408.32142857142856,15.873007936505786,24.07497446736734,0.43388373911754297,-0.9009688679024264,167571.0,165148.0,164350.0,193901.42857142858,197531.57142857142,194295.4642857143
2024-11-29,448,192372.0,4,11,430.0,433.0,415.0,417.7142857142857,415.07142857142856,409.4642857142857,19.26753993736852,25.864928097609262,-0.43388373911754125,-0.9009688679024273,183172.0,197457.0,243099.0,193175.0,193908.2142857143,194729.2857142857
2024-11-30,424,224492.0,5,11,448.0,403.0,459.0,420.7142857142857,412.57142857142856,409.25,18.19994767130094,22.802544681592842,-0.9749279121818242,-0.22252093395631195,192372.0,227271.0,263396.0,192778.0,191129.35714285713,194075.85714285713
2024-12-01,437,230970.0,6,12,424.0,409.0,398.0,424.7142857142857,415.35714285714283,410.67857142857144,18.273061098369954,23.26306793332128,-0.7818314824680505,0.6234898018587077,224492.0,218778.0,220663.0,194519.7142857143,191865.57142857142,194096.64285714287
2024-12-02,404,171904.0,0,12,437.0,433.0,355.0,420.57142857142856,418.85714285714283,409.4642857142857,19.337848405455514,16.052112934760874,-1.175660927181459e-14,1.0,230970.0,181077.0,159554.0,193209.2857142857,192747.7142857143,193665.85714285713
2024-12-03,430,179241.0,1,12,404.0,405.0,418.0,424.14285714285717,419.7142857142857,410.42857142857144,18.26133046840206,16.320956662328747,0.7818314824680003,0.6234898018587706,171904.0,181984.0,167795.0,192817.42857142858,193565.2857142857,193987.2857142857
2024-12-04,422,183665.0,2,12,430.0,396.0,423.0,427.85714285714283,419.64285714285717,411.4642857142857,13.64341808869236,16.307653431427443,0.9749279121818294,-0.22252093395628902,179241.0,167571.0,188477.0,195116.57142857142,193221.57142857142,194436.9642857143
2024-12-05,403,168946.0,3,12,422.0,430.0,401.0,424.0,419.7857142857143,412.2857142857143,16.4620776331543,16.139671960389954,0.43388373911761363,-0.9009688679023924,183665.0,183172.0,165148.0,193084.2857142857,193492.85714285713,194595.67857142858
2024-12-06,379,160857.0,4,12,403.0,448.0,433.0,414.14285714285717,415.92857142857144,411.2857142857143,19.9785599366634,18.947150326487016,-0.433883739117573,-0.9009688679024119,168946.0,192372.0,197457.0,188582.14285714287,190878.57142857142,193902.9642857143
2024-12-07,426,236869.0,5,12,379.0,424.0,403.0,414.42857142857144,417.57142857142856,411.5,20.156530313665325,18.735873799557805,-0.9749279121818194,-0.22252093395633296,160857.0,224492.0,227271.0,190350.2857142857,191564.14285714287,194156.10714285713
2024-12-08,390,215792.0,6,12,426.0,437.0,409.0,407.7142857142857,416.2142857142857,411.85714285714283,19.189530875925204,20.046785936244685,-0.7818314824680284,0.6234898018587353,236869.0,230970.0,218778.0,188182.0,191350.85714285713,193909.5
2024-12-09,410,176445.0,0,12,390.0,404.0,433.0,408.57142857142856,414.57142857142856,411.57142857142856,19.129881885478877,19.500352208709707,2.352559815636095e-14,1.0,215792.0,171904.0,181077.0,188830.7142857143,191020.0,193489.60714285713
2024-12-10,408,173683.0,1,12,410.0,430.0,405.0,405.42857142857144,414.7857142857143,412.10714285714283,16.67190393903382,19.403324740595462,0.7818314824680224,0.6234898018587429,176445.0,179241.0,181984.0,188036.7142857143,190427.07142857142,193455.60714285713
2024-12-11,377,157768.0,2,12,408.0,422.0,396.0,399.0,413.42857142857144,411.57142857142856,17.85123711866082,21.38192725613872,0.9749279121818215,-0.2225209339563234,173683.0,183665.0,167571.0,184337.14285714287,189726.85714285713,192957.0
2024-12-12,432,187877.0,3,12,377.0,403.0,430.0,403.14285714285717,413.57142857142856,413.14285714285717,21.851228580475276,21.50747378404594,0.4338837391175818,-0.9009688679024077,157768.0,168946.0,183172.0,187041.57142857142,190062.92857142858,193797.25
2024-12-13,401,170663.0,4,12,432.0,379.0,448.0,406.2857142857143,410.2142857142857,412.64285714285717,19.224240650059997,19.272054584607385,-0.43388373911755357,-0.9009688679024214,187877.0,160857.0,192372.0,188442.42857142858,188512.2857142857,191210.25
2024-12-14,401,225263.0,5,12,401.0,426.0,424.0,402.7142857142857,408.57142857142856,410.57142857142856,17.163083306079276,18.98466703467783,-0.9749279121818146,-0.22252093395635397,170663.0,236869.0,224492.0,186784.42857142858,188567.35714285713,189848.35714285713
2024-12-15,407,251581.0,6,12,401.0,390.0,437.0,405.14285714285717,406.42857142857144,410.89285714285717,16.242214252050537,17.131681338809358,-0.7818314824680418,0.6234898018587184,225263.0,215792.0,230970.0,191897.14285714287,190039.57142857142,190952.57142857142
2024-12-16,411,173993.0,0,12,407.0,410.0,404.0,405.2857142857143,406.92857142857144,412.89285714285717,16.296362433727918,17.157480027064683,-5.4879032137079545e-14,1.0,251581.0,176445.0,171904.0,191546.85714285713,190188.7857142857,191468.25
2024-12-17,423,186225.0,1,12,411.0,408.0,430.0,407.42857142857144,406.42857142857144,413.07142857142856,17.643290914274058,16.52370923954335,0.7818314824680088,0.6234898018587598,173993.0,173683.0,179241.0,193338.57142857142,190687.64285714287,192126.4642857143
2024-12-18,377,163546.0,2,12,423.0,377.0,422.0,407.42857142857144,403.2142857142857,411.42857142857144,17.643290914274058,17.603227726006207,0.974927912181839,-0.22252093395624697,186225.0,157768.0,183665.0,194164.0,189250.57142857142,191236.07142857142
2024-12-19,399,174100.0,3,12,377.0,432.0,403.0,402.7142857142857,402.92857142857144,411.35714285714283,14.02039331015421,17.639397712177114,0.43388373911755007,-0.900968867902423,163546.0,187877.0,168946.0,192195.85714285713,189618.7142857143,191555.7857142857
2024-12-20,393,173434.0,4,12,399.0,401.0,379.0,401.57142857142856,403.92857142857144,409.92857142857144,14.501231474799024,16.54115745979998,-0.4338837391175854,-0.900968867902406,174100.0,170663.0,160857.0,192591.7142857143,190517.07142857142,190697.82142857142
2024-12-21,399,212687.0,5,12,393.0,401.0,426.0,401.2857142857143,402.0,409.7857142857143,14.534032311718677,15.297058540778641,-0.9749279121818224,-0.22252093395631958,173434.0,225263.0,236869.0,190795.14285714287,188789.7857142857,190176.9642857143
2024-12-22,445,247024.0,6,12,399.0,407.0,390.0,406.7142857142857,405.92857142857144,411.07142857142856,22.133792307346557,18.669037656852346,-0.7818314824680198,0.623489801858746,212687.0,251581.0,215792.0,190144.14285714287,191020.64285714287,191185.75
2024-12-23,415,179288.0,0,12,445.0,411.0,410.0,407.2857142857143,406.2857142857143,410.42857142857144,22.313779641843603,18.80028056839985,-1.9596824708904003e-14,1.0,247024.0,173993.0,176445.0,190900.57142857142,191223.7142857143,191121.85714285713
2024-12-24,362,149295.0,1,12,415.0,423.0,408.0,398.57142857142856,403.0,408.89285714285717,26.644931618459196,22.191474454428356,0.7818314824680308,0.6234898018587323,179288.0,186225.0,173683.0,185624.85714285713,189481.7142857143,189954.39285714287
2024-12-25,418,239191.0,2,12,362.0,377.0,377.0,404.42857142857144,405.92857142857144,409.67857142857144,25.598549066025292,21.178596908977962,0.9749279121818312,-0.22252093395628136,149295.0,163546.0,157768.0,196431.2857142857,195297.64285714287,192512.25
2024-12-26,366,163792.0,3,12,418.0,399.0,432.0,399.7142857142857,401.2142857142857,407.39285714285717,29.505447438929224,22.247484115076016,0.4338837391175695,-0.9009688679024137,239191.0,174100.0,187877.0,194958.7142857143,193577.2857142857,191820.10714285713
2024-12-27,429,193489.0,4,12,366.0,393.0,401.0,404.85714285714283,403.2142857142857,406.7142857142857,31.22727745325948,23.452664508057076,-0.4338837391175147,-0.90096886790244,163792.0,173434.0,170663.0,197823.7142857143,195207.7142857143,191860.0
2024-12-28,387,228429.0,5,12,429.0,399.0,401.0,403.14285714285717,402.2142857142857,405.39285714285717,31.924016933068533,23.849459182478586,-0.9749279121818176,-0.2225209339563406,193489.0,212687.0,225263.0,200072.57142857142,195433.85714285713,192000.60714285713
2024-12-29,415,249735.0,6,12,387.0,445.0,407.0,398.85714285714283,402.7857142857143,404.60714285714283,27.00264537305267,24.06778431343961,-0.7818314824680334,0.6234898018587292,228429.0,247024.0,251581.0,200459.85714285713,195302.0,192670.7857142857
2024-12-30,381,167091.0,0,12,415.0,415.0,411.0,394.0,400.64285714285717,403.7857142857143,26.670833007863,24.60958894682882,-4.115803614153648e-14,1.0,249735.0,179288.0,173993.0,198717.42857142858,194809.0,192498.89285714287
